TimeReceived,SequenceNum,TimeFlowStart,TimeFlowEnd,Bytes,SrcAddr_0,SrcAddr_1,SrcAddr_2,SrcAddr_3,DstAddr_0,DstAddr_1,DstAddr_2,DstAddr_3,Etype_2048,Etype_2054,Proto_1,Proto_0,Proto_6,SrcPort,DstPort,Label
1700742789,717,1700742789,1700742789,0.21839080459770116,0.7529411764705882,0.6588235294117647,0.00784313725490196,0.41568627450980394,0.7529411764705882,0.6588235294117647,0.00784313725490196,0.4117647058823529,True,False,False,True,False,0.0,0.0,0
1700742937,780,1700742937,1700742937,0.21839080459770116,0.7529411764705882,0.6588235294117647,0.00784313725490196,0.41568627450980394,0.7529411764705882,0.6588235294117647,0.00784313725490196,0.4117647058823529,True,False,False,True,False,0.0,0.0,0
1700742957,789,1700742957,1700742957,0.21839080459770116,0.7529411764705882,0.6588235294117647,0.00784313725490196,0.41568627450980394,0.7529411764705882,0.6588235294117647,0.00784313725490196,0.4117647058823529,True,False,False,True,False,0.0,0.0,0
1700743004,809,1700743004,1700743004,0.21839080459770116,0.7529411764705882,0.6588235294117647,0.00784313725490196,0.4117647058823529,0.7529411764705882,0.6588235294117647,0.00784313725490196,0.41568627450980394,True,False,False,True,False,0.0,0.0,0
1700743041,824,1700743041,1700743041,0.21839080459770116,0.7529411764705882,0.6588235294117647,0.00784313725490196,0.41568627450980394,0.7529411764705882,0.6588235294117647,0.00784313725490196,0.4117647058823529,True,False,False,True,False,0.0,0.0,0
1700743091,844,1700743091,1700743091,0.21839080459770116,0.7529411764705882,0.6588235294117647,0.00784313725490196,0.41568627450980394,0.7529411764705882,0.6588235294117647,0.00784313725490196,0.4117647058823529,True,False,False,True,False,0.0,0.0,0
1700743092,845,1700743092,1700743092,0.21839080459770116,0.7529411764705882,0.6588235294117647,0.00784313725490196,0.41568627450980394,0.7529411764705882,0.6588235294117647,0.00784313725490196,0.4117647058823529,True,False,False,True,False,0.0,0.0,0
1700743108,851,1700743108,1700743108,0.21839080459770116,0.7529411764705882,0.6588235294117647,0.00784313725490196,0.4117647058823529,0.7529411764705882,0.6588235294117647,0.00784313725490196,0.41568627450980394,True,False,False,True,False,0.0,0.0,0
1700743110,853,1700743110,1700743110,0.21839080459770116,0.7529411764705882,0.6588235294117647,0.00784313725490196,0.4117647058823529,0.7529411764705882,0.6588235294117647,0.00784313725490196,0.41568627450980394,True,False,False,True,False,0.0,0.0,0
1700743139,865,1700743139,1700743139,0.21839080459770116,0.7529411764705882,0.6588235294117647,0.00784313725490196,0.4117647058823529,0.7529411764705882,0.6588235294117647,0.00784313725490196,0.41568627450980394,True,False,False,True,False,0.0,0.0,0
1700743152,871,1700743152,1700743152,0.21839080459770116,0.7529411764705882,0.6588235294117647,0.00784313725490196,0.4117647058823529,0.7529411764705882,0.6588235294117647,0.00784313725490196,0.41568627450980394,True,False,False,True,False,0.0,0.0,0
1700743231,902,1700743231,1700743231,0.21839080459770116,0.7529411764705882,0.6588235294117647,0.00784313725490196,0.4117647058823529,0.7529411764705882,0.6588235294117647,0.00784313725490196,0.41568627450980394,True,False,False,True,False,0.0,0.0,0
1700743231,902,1700743231,1700743231,0.21839080459770116,0.7529411764705882,0.6588235294117647,0.00784313725490196,0.41568627450980394,0.7529411764705882,0.6588235294117647,0.00784313725490196,0.4117647058823529,True,False,False,True,False,0.0,0.0,0
1700743273,920,1700743273,1700743273,0.21839080459770116,0.7529411764705882,0.6588235294117647,0.00784313725490196,0.4117647058823529,0.7529411764705882,0.6588235294117647,0.00784313725490196,0.41568627450980394,True,False,False,True,False,0.0,0.0,0
1700743284,925,1700743284,1700743284,0.21839080459770116,0.7529411764705882,0.6588235294117647,0.00784313725490196,0.4117647058823529,0.7529411764705882,0.6588235294117647,0.00784313725490196,0.41568627450980394,True,False,False,True,False,0.0,0.0,0
1700743284,925,1700743284,1700743284,0.21839080459770116,0.7529411764705882,0.6588235294117647,0.00784313725490196,0.41568627450980394,0.7529411764705882,0.6588235294117647,0.00784313725490196,0.4117647058823529,True,False,False,True,False,0.0,0.0,0
1700743302,933,1700743302,1700743302,0.21839080459770116,0.7529411764705882,0.6588235294117647,0.00784313725490196,0.41568627450980394,0.7529411764705882,0.6588235294117647,0.00784313725490196,0.4117647058823529,True,False,False,True,False,0.0,0.0,0
1700743338,947,1700743338,1700743338,0.21839080459770116,0.7529411764705882,0.6588235294117647,0.00784313725490196,0.41568627450980394,0.7529411764705882,0.6588235294117647,0.00784313725490196,0.4117647058823529,True,False,False,True,False,0.0,0.0,0
1700743341,949,1700743341,1700743341,0.21839080459770116,0.7529411764705882,0.6588235294117647,0.00784313725490196,0.41568627450980394,0.7529411764705882,0.6588235294117647,0.00784313725490196,0.4117647058823529,True,False,False,True,False,0.0,0.0,0
1700743352,954,1700743352,1700743352,0.21839080459770116,0.7529411764705882,0.6588235294117647,0.00784313725490196,0.4117647058823529,0.7529411764705882,0.6588235294117647,0.00784313725490196,0.41568627450980394,True,False,False,True,False,0.0,0.0,0
1700743373,963,1700743373,1700743373,0.21839080459770116,0.7529411764705882,0.6588235294117647,0.00784313725490196,0.41568627450980394,0.7529411764705882,0.6588235294117647,0.00784313725490196,0.4117647058823529,True,False,False,True,False,0.0,0.0,0
1700743375,964,1700743375,1700743375,0.21839080459770116,0.7529411764705882,0.6588235294117647,0.00784313725490196,0.41568627450980394,0.7529411764705882,0.6588235294117647,0.00784313725490196,0.4117647058823529,True,False,False,True,False,0.0,0.0,0
1700743376,965,1700743376,1700743376,0.21839080459770116,0.7529411764705882,0.6588235294117647,0.00784313725490196,0.4117647058823529,0.7529411764705882,0.6588235294117647,0.00784313725490196,0.41568627450980394,True,False,False,True,False,0.0,0.0,0
1700743384,969,1700743384,1700743384,0.0,0.0,0.0,0.0,0.0,0.0,0.0,0.0,0.0,False,True,True,False,False,0.0,0.0,0
1700743402,976,1700743402,1700743402,0.21839080459770116,0.7529411764705882,0.6588235294117647,0.00784313725490196,0.4117647058823529,0.7529411764705882,0.6588235294117647,0.00784313725490196,0.41568627450980394,True,False,False,True,False,0.0,0.0,0
1700743407,979,1700743407,1700743407,0.21839080459770116,0.7529411764705882,0.6588235294117647,0.00784313725490196,0.40784313725490196,0.7529411764705882,0.6588235294117647,0.00784313725490196,0.41568627450980394,True,False,False,True,False,0.0,0.0,0
1700743408,980,1700743408,1700743408,0.21839080459770116,0.7529411764705882,0.6588235294117647,0.00784313725490196,0.41568627450980394,0.7529411764705882,0.6588235294117647,0.00784313725490196,0.40784313725490196,True,False,False,True,False,0.0,0.0,0
1700743416,984,1700743416,1700743416,0.21839080459770116,0.7529411764705882,0.6588235294117647,0.00784313725490196,0.41568627450980394,0.7529411764705882,0.6588235294117647,0.00784313725490196,0.4117647058823529,True,False,False,True,False,0.0,0.0,0
1700743419,985,1700743419,1700743419,0.21839080459770116,0.7529411764705882,0.6588235294117647,0.00784313725490196,0.41568627450980394,0.7529411764705882,0.6588235294117647,0.00784313725490196,0.4117647058823529,True,False,False,True,False,0.0,0.0,0
1700743434,993,1700743434,1700743434,0.21839080459770116,0.7529411764705882,0.6588235294117647,0.00784313725490196,0.41568627450980394,0.7529411764705882,0.6588235294117647,0.00784313725490196,0.4117647058823529,True,False,False,True,False,0.0,0.0,0
1700743434,993,1700743434,1700743434,0.21839080459770116,0.7529411764705882,0.6588235294117647,0.00784313725490196,0.41568627450980394,0.7529411764705882,0.6588235294117647,0.00784313725490196,0.40784313725490196,True,False,False,True,False,0.0,0.0,0
1700743451,1000,1700743451,1700743451,0.21839080459770116,0.7529411764705882,0.6588235294117647,0.00784313725490196,0.41568627450980394,0.7529411764705882,0.6588235294117647,0.00784313725490196,0.4117647058823529,True,False,False,True,False,0.0,0.0,0
1700743460,1004,1700743460,1700743460,0.0,0.7529411764705882,0.6588235294117647,0.00784313725490196,0.4117647058823529,0.7529411764705882,0.6588235294117647,0.00784313725490196,0.40784313725490196,True,False,False,False,True,0.00010681315327687495,0.3769588769359884,0
1700743484,1015,1700743484,1700743484,0.0,0.7529411764705882,0.6588235294117647,0.00784313725490196,0.4117647058823529,0.7529411764705882,0.6588235294117647,0.00784313725490196,0.40784313725490196,True,False,False,False,True,0.00010681315327687495,0.3769588769359884,0
1700743498,1021,1700743498,1700743498,0.21839080459770116,0.7529411764705882,0.6588235294117647,0.00784313725490196,0.41568627450980394,0.7529411764705882,0.6588235294117647,0.00784313725490196,0.4117647058823529,True,False,False,True,False,0.0,0.0,0
1700743500,1022,1700743500,1700743500,0.0,0.7529411764705882,0.6588235294117647,0.00784313725490196,0.4117647058823529,0.7529411764705882,0.6588235294117647,0.00784313725490196,0.40784313725490196,True,False,False,False,True,0.00010681315327687495,0.3769588769359884,0
1700743507,1026,1700743507,1700743507,0.21839080459770116,0.7529411764705882,0.6588235294117647,0.00784313725490196,0.41568627450980394,0.7529411764705882,0.6588235294117647,0.00784313725490196,0.4117647058823529,True,False,False,True,False,0.0,0.0,0
1700743510,1027,1700743510,1700743510,1.0,0.7529411764705882,0.6588235294117647,0.00784313725490196,0.4117647058823529,0.7529411764705882,0.6588235294117647,0.00784313725490196,0.41568627450980394,True,False,False,False,True,0.9176775768673228,0.0012207217517357137,0
1700743510,1027,1700743510,1700743510,0.034482758620689655,0.7529411764705882,0.6588235294117647,0.00784313725490196,0.4117647058823529,0.7529411764705882,0.6588235294117647,0.00784313725490196,0.41568627450980394,True,False,False,False,True,0.918165865568017,0.0012207217517357137,0
1700743510,1027,1700743510,1700743510,0.034482758620689655,0.7529411764705882,0.6588235294117647,0.00784313725490196,0.41568627450980394,0.7529411764705882,0.6588235294117647,0.00784313725490196,0.4117647058823529,True,False,False,False,True,0.0012207217517357137,0.918318455786984,0
1700743513,1029,1700743513,1700743513,0.21839080459770116,0.7529411764705882,0.6588235294117647,0.00784313725490196,0.41568627450980394,0.7529411764705882,0.6588235294117647,0.00784313725490196,0.4117647058823529,True,False,False,True,False,0.0,0.0,0
1700743532,1036,1700743532,1700743532,0.08045977011494253,0.7529411764705882,0.6588235294117647,0.00784313725490196,0.40784313725490196,0.7529411764705882,0.6588235294117647,0.00784313725490196,0.4117647058823529,True,False,False,False,True,0.3769588769359884,0.00010681315327687495,0
1700743540,1039,1700743540,1700743540,0.034482758620689655,0.7529411764705882,0.6588235294117647,0.00784313725490196,0.41568627450980394,0.7529411764705882,0.6588235294117647,0.00784313725490196,0.4117647058823529,True,False,False,False,True,0.0012207217517357137,0.918165865568017,0
1700743545,1042,1700743545,1700743545,0.21839080459770116,0.7529411764705882,0.6588235294117647,0.00784313725490196,0.41568627450980394,0.7529411764705882,0.6588235294117647,0.00784313725490196,0.40784313725490196,True,False,False,True,False,0.0,0.0,0
1700743550,1044,1700743550,1700743550,0.21839080459770116,0.7529411764705882,0.6588235294117647,0.00784313725490196,0.41568627450980394,0.7529411764705882,0.6588235294117647,0.00784313725490196,0.4117647058823529,True,False,False,True,False,0.0,0.0,0
1700743555,1047,1700743555,1700743555,0.034482758620689655,0.7529411764705882,0.6588235294117647,0.00784313725490196,0.41568627450980394,0.7529411764705882,0.6588235294117647,0.00784313725490196,0.4117647058823529,True,False,False,False,True,0.0012207217517357137,0.918165865568017,0
1700743690,1109,1700743690,1700743690,0.08045977011494253,0.7529411764705882,0.6588235294117647,0.00784313725490196,0.41568627450980394,0.7529411764705882,0.6588235294117647,0.00784313725490196,0.4117647058823529,True,False,False,False,True,0.0012207217517357137,0.8842603189135576,0
1700743691,1110,1700743691,1700743691,0.21839080459770116,0.7529411764705882,0.6588235294117647,0.00784313725490196,0.41568627450980394,0.7529411764705882,0.6588235294117647,0.00784313725490196,0.4117647058823529,True,False,False,True,False,0.0,0.0,0
1700743693,1112,1700743693,1700743693,0.21839080459770116,0.7529411764705882,0.6588235294117647,0.00784313725490196,0.41568627450980394,0.7529411764705882,0.6588235294117647,0.00784313725490196,0.40784313725490196,True,False,False,True,False,0.0,0.0,0
1700743705,1117,1700743705,1700743705,0.21839080459770116,0.7529411764705882,0.6588235294117647,0.00784313725490196,0.4117647058823529,0.7529411764705882,0.6588235294117647,0.00784313725490196,0.41568627450980394,True,False,False,True,False,0.0,0.0,0
1700743705,1117,1700743705,1700743705,0.21839080459770116,0.7529411764705882,0.6588235294117647,0.00784313725490196,0.40784313725490196,0.7529411764705882,0.6588235294117647,0.00784313725490196,0.41568627450980394,True,False,False,True,False,0.0,0.0,0
1700743711,1120,1700743711,1700743711,0.08045977011494253,0.7529411764705882,0.6588235294117647,0.00784313725490196,0.40784313725490196,0.7529411764705882,0.6588235294117647,0.00784313725490196,0.4117647058823529,True,False,False,False,True,0.3769588769359884,0.00010681315327687495,0
1700743718,1124,1700743718,1700743718,0.21839080459770116,0.7529411764705882,0.6588235294117647,0.00784313725490196,0.40784313725490196,0.7529411764705882,0.6588235294117647,0.00784313725490196,0.41568627450980394,True,False,False,True,False,0.0,0.0,0
1700743720,1125,1700743720,1700743720,0.09770114942528736,0.7529411764705882,0.6588235294117647,0.00784313725490196,0.4117647058823529,0.7529411764705882,0.6588235294117647,0.00784313725490196,0.41568627450980394,True,False,False,False,True,0.8836499580376898,0.0012207217517357137,0
1700743723,1127,1700743723,1700743723,0.0,0.7529411764705882,0.6588235294117647,0.00784313725490196,0.4117647058823529,0.7529411764705882,0.6588235294117647,0.00784313725490196,0.40784313725490196,True,False,False,False,True,0.00010681315327687495,0.3769588769359884,0
1700743726,1128,1700743726,1700743726,0.21839080459770116,0.7529411764705882,0.6588235294117647,0.00784313725490196,0.41568627450980394,0.7529411764705882,0.6588235294117647,0.00784313725490196,0.4117647058823529,True,False,False,True,False,0.0,0.0,0
1700743735,1132,1700743735,1700743735,0.0,0.7529411764705882,0.6588235294117647,0.00784313725490196,0.41568627450980394,0.7529411764705882,0.6588235294117647,0.00784313725490196,0.4117647058823529,True,False,False,False,True,0.0012207217517357137,0.6296482795452811,0
1700743748,1138,1700743748,1700743748,0.21839080459770116,0.7529411764705882,0.6588235294117647,0.00784313725490196,0.41568627450980394,0.7529411764705882,0.6588235294117647,0.00784313725490196,0.4117647058823529,True,False,False,True,False,0.0,0.0,0
1700743750,1139,1700743750,1700743750,0.034482758620689655,0.7529411764705882,0.6588235294117647,0.00784313725490196,0.41568627450980394,0.7529411764705882,0.6588235294117647,0.00784313725490196,0.4117647058823529,True,False,False,False,True,0.0012207217517357137,0.8664682993820096,0
1700743750,1139,1700743750,1700743750,0.034482758620689655,0.7529411764705882,0.6588235294117647,0.00784313725490196,0.41568627450980394,0.7529411764705882,0.6588235294117647,0.00784313725490196,0.4117647058823529,True,False,False,False,True,0.0012207217517357137,0.8834668497749294,0
1700743784,1153,1700743784,1700743784,0.21839080459770116,0.7529411764705882,0.6588235294117647,0.00784313725490196,0.41568627450980394,0.7529411764705882,0.6588235294117647,0.00784313725490196,0.4117647058823529,True,False,False,True,False,0.0,0.0,0
1700743796,1158,1700743796,1700743796,0.034482758620689655,0.7529411764705882,0.6588235294117647,0.00784313725490196,0.41568627450980394,0.7529411764705882,0.6588235294117647,0.00784313725490196,0.4117647058823529,True,False,False,False,True,0.0012207217517357137,0.7319447623407339,0
1700743826,1171,1700743826,1700743826,0.08045977011494253,0.7529411764705882,0.6588235294117647,0.00784313725490196,0.4117647058823529,0.7529411764705882,0.6588235294117647,0.00784313725490196,0.41568627450980394,True,False,False,False,True,0.5694972152285038,0.0012207217517357137,0
1700743841,1177,1700743841,1700743841,0.09770114942528736,0.7529411764705882,0.6588235294117647,0.00784313725490196,0.4117647058823529,0.7529411764705882,0.6588235294117647,0.00784313725490196,0.41568627450980394,True,False,False,False,True,0.7313649195086595,0.0012207217517357137,0
1700743841,1177,1700743841,1700743841,0.09770114942528736,0.7529411764705882,0.6588235294117647,0.00784313725490196,0.4117647058823529,0.7529411764705882,0.6588235294117647,0.00784313725490196,0.41568627450980394,True,False,False,False,True,0.5694972152285038,0.0012207217517357137,0
1700743857,1184,1700743857,1700743857,0.21839080459770116,0.7529411764705882,0.6588235294117647,0.00784313725490196,0.4117647058823529,0.7529411764705882,0.6588235294117647,0.00784313725490196,0.41568627450980394,True,False,False,True,False,0.0,0.0,0
1700743865,1188,1700743865,1700743865,0.08045977011494253,0.7529411764705882,0.6588235294117647,0.00784313725490196,0.40784313725490196,0.7529411764705882,0.6588235294117647,0.00784313725490196,0.4117647058823529,True,False,False,False,True,0.3769588769359884,0.00010681315327687495,0
1700743871,1190,1700743871,1700743871,0.034482758620689655,0.7529411764705882,0.6588235294117647,0.00784313725490196,0.4117647058823529,0.7529411764705882,0.6588235294117647,0.00784313725490196,0.41568627450980394,True,False,False,False,True,0.6304417486839093,0.0012207217517357137,0
1700743886,1197,1700743886,1700743886,0.034482758620689655,0.7529411764705882,0.6588235294117647,0.00784313725490196,0.41568627450980394,0.7529411764705882,0.6588235294117647,0.00784313725490196,0.4117647058823529,True,False,False,False,True,0.0012207217517357137,0.5694972152285038,0
1700743890,1199,1700743890,1700743890,0.21839080459770116,0.7529411764705882,0.6588235294117647,0.00784313725490196,0.4117647058823529,0.7529411764705882,0.6588235294117647,0.00784313725490196,0.41568627450980394,True,False,False,True,False,0.0,0.0,0
1700743891,1200,1700743891,1700743891,0.21839080459770116,0.7529411764705882,0.6588235294117647,0.00784313725490196,0.4117647058823529,0.7529411764705882,0.6588235294117647,0.00784313725490196,0.41568627450980394,True,False,False,True,False,0.0,0.0,0
1700743915,1211,1700743915,1700743915,0.0,0.0,0.0,0.0,0.0,0.0,0.0,0.0,0.0,False,True,True,False,False,0.0,0.0,0
1700743925,1216,1700743925,1700743925,0.21839080459770116,0.7529411764705882,0.6588235294117647,0.00784313725490196,0.4117647058823529,0.7529411764705882,0.6588235294117647,0.00784313725490196,0.41568627450980394,True,False,False,True,False,0.0,0.0,0
1700743926,1217,1700743926,1700743926,0.21839080459770116,0.7529411764705882,0.6588235294117647,0.00784313725490196,0.40784313725490196,0.7529411764705882,0.6588235294117647,0.00784313725490196,0.41568627450980394,True,False,False,True,False,0.0,0.0,0
1700743937,1222,1700743937,1700743937,0.0,0.7529411764705882,0.6588235294117647,0.00784313725490196,0.4117647058823529,0.7529411764705882,0.6588235294117647,0.00784313725490196,0.40784313725490196,True,False,False,False,True,0.00010681315327687495,0.3769588769359884,0
1700743977,1238,1700743977,1700743977,0.09770114942528736,0.7529411764705882,0.6588235294117647,0.00784313725490196,0.4117647058823529,0.7529411764705882,0.6588235294117647,0.00784313725490196,0.41568627450980394,True,False,False,False,True,0.5490196078431373,0.0012207217517357137,0
1700743978,1239,1700743978,1700743978,0.08045977011494253,0.7529411764705882,0.6588235294117647,0.00784313725490196,0.40784313725490196,0.7529411764705882,0.6588235294117647,0.00784313725490196,0.4117647058823529,True,False,False,False,True,0.3769588769359884,0.00010681315327687495,0
1700743981,1240,1700743981,1700743981,0.0,0.7529411764705882,0.6588235294117647,0.00784313725490196,0.4117647058823529,0.7529411764705882,0.6588235294117647,0.00784313725490196,0.40784313725490196,True,False,False,False,True,0.00010681315327687495,0.3769588769359884,0
1700743989,1244,1700743989,1700743989,0.0,0.7529411764705882,0.6588235294117647,0.00784313725490196,0.4117647058823529,0.7529411764705882,0.6588235294117647,0.00784313725490196,0.40784313725490196,True,False,False,False,True,0.00010681315327687495,0.3769588769359884,0
1700743991,1245,1700743991,1700743991,0.21839080459770116,0.7529411764705882,0.6588235294117647,0.00784313725490196,0.4117647058823529,0.7529411764705882,0.6588235294117647,0.00784313725490196,0.41568627450980394,True,False,False,True,False,0.0,0.0,0
1700744007,1252,1700744007,1700744007,0.14942528735632185,0.7529411764705882,0.6588235294117647,0.00784313725490196,0.4117647058823529,0.7529411764705882,0.6588235294117647,0.00784313725490196,0.41568627450980394,True,False,False,False,True,0.8563973449301899,0.0012207217517357137,0
1700744007,1252,1700744007,1700744007,0.034482758620689655,0.7529411764705882,0.6588235294117647,0.00784313725490196,0.41568627450980394,0.7529411764705882,0.6588235294117647,0.00784313725490196,0.4117647058823529,True,False,False,False,True,0.0012207217517357137,0.8566720073243305,0
1700744015,1256,1700744015,1700744015,0.21839080459770116,0.7529411764705882,0.6588235294117647,0.00784313725490196,0.41568627450980394,0.7529411764705882,0.6588235294117647,0.00784313725490196,0.4117647058823529,True,False,False,True,False,0.0,0.0,0
1700744021,1258,1700744021,1700744021,0.08045977011494253,0.7529411764705882,0.6588235294117647,0.00784313725490196,0.40784313725490196,0.7529411764705882,0.6588235294117647,0.00784313725490196,0.4117647058823529,True,False,False,False,True,0.3769588769359884,0.00010681315327687495,0
1700744022,1259,1700744022,1700744022,0.034482758620689655,0.7529411764705882,0.6588235294117647,0.00784313725490196,0.41568627450980394,0.7529411764705882,0.6588235294117647,0.00784313725490196,0.4117647058823529,True,False,False,False,True,0.0012207217517357137,0.5490196078431373,0
1700744046,1270,1700744046,1700744046,0.21839080459770116,0.7529411764705882,0.6588235294117647,0.00784313725490196,0.41568627450980394,0.7529411764705882,0.6588235294117647,0.00784313725490196,0.4117647058823529,True,False,False,True,False,0.0,0.0,0
1700744056,1275,1700744056,1700744056,0.21839080459770116,0.7529411764705882,0.6588235294117647,0.00784313725490196,0.40784313725490196,0.7529411764705882,0.6588235294117647,0.00784313725490196,0.41568627450980394,True,False,False,True,False,0.0,0.0,0
1700744067,1280,1700744067,1700744067,0.034482758620689655,0.7529411764705882,0.6588235294117647,0.00784313725490196,0.41568627450980394,0.7529411764705882,0.6588235294117647,0.00784313725490196,0.4117647058823529,True,False,False,False,True,0.0012207217517357137,0.5525291828793775,0
1700744077,1284,1700744077,1700744077,0.21839080459770116,0.7529411764705882,0.6588235294117647,0.00784313725490196,0.4117647058823529,0.7529411764705882,0.6588235294117647,0.00784313725490196,0.41568627450980394,True,False,False,True,False,0.0,0.0,0
1700744082,1286,1700744082,1700744082,0.0,0.7529411764705882,0.6588235294117647,0.00784313725490196,0.41568627450980394,0.7529411764705882,0.6588235294117647,0.00784313725490196,0.4117647058823529,True,False,False,False,True,0.0012207217517357137,0.8565194171053635,0
1700744086,1289,1700744086,1700744086,0.21839080459770116,0.7529411764705882,0.6588235294117647,0.00784313725490196,0.41568627450980394,0.7529411764705882,0.6588235294117647,0.00784313725490196,0.40784313725490196,True,False,False,True,False,0.0,0.0,0
1700744096,1294,1700744096,1700744096,0.21839080459770116,0.7529411764705882,0.6588235294117647,0.00784313725490196,0.41568627450980394,0.7529411764705882,0.6588235294117647,0.00784313725490196,0.4117647058823529,True,False,False,True,False,0.0,0.0,0
1700744097,1295,1700744097,1700744097,0.21839080459770116,0.7529411764705882,0.6588235294117647,0.00784313725490196,0.41568627450980394,0.7529411764705882,0.6588235294117647,0.00784313725490196,0.40784313725490196,True,False,False,True,False,0.0,0.0,0
1700744097,1295,1700744097,1700744097,0.14942528735632185,0.7529411764705882,0.6588235294117647,0.00784313725490196,0.4117647058823529,0.7529411764705882,0.6588235294117647,0.00784313725490196,0.41568627450980394,True,False,False,False,True,0.8733958953231098,0.0012207217517357137,0
1700744098,1296,1700744098,1700744098,0.21839080459770116,0.7529411764705882,0.6588235294117647,0.00784313725490196,0.41568627450980394,0.7529411764705882,0.6588235294117647,0.00784313725490196,0.40784313725490196,True,False,False,True,False,0.0,0.0,0
1700744107,1300,1700744107,1700744107,0.21839080459770116,0.7529411764705882,0.6588235294117647,0.00784313725490196,0.4117647058823529,0.7529411764705882,0.6588235294117647,0.00784313725490196,0.41568627450980394,True,False,False,True,False,0.0,0.0,0
1700744110,1302,1700744110,1700744110,0.09770114942528736,0.7529411764705882,0.6588235294117647,0.00784313725490196,0.4117647058823529,0.7529411764705882,0.6588235294117647,0.00784313725490196,0.41568627450980394,True,False,False,False,True,0.8735179674982834,0.0012207217517357137,0
1700744110,1302,1700744110,1700744110,0.034482758620689655,0.7529411764705882,0.6588235294117647,0.00784313725490196,0.41568627450980394,0.7529411764705882,0.6588235294117647,0.00784313725490196,0.4117647058823529,True,False,False,False,True,0.0012207217517357137,0.8738841840238041,0
1700744119,1306,1700744119,1700744119,0.21839080459770116,0.7529411764705882,0.6588235294117647,0.00784313725490196,0.41568627450980394,0.7529411764705882,0.6588235294117647,0.00784313725490196,0.4117647058823529,True,False,False,True,False,0.0,0.0,0
1700744121,1307,1700744121,1700744121,0.21839080459770116,0.7529411764705882,0.6588235294117647,0.00784313725490196,0.40784313725490196,0.7529411764705882,0.6588235294117647,0.00784313725490196,0.41568627450980394,True,False,False,True,False,0.0,0.0,0
1700744131,1311,1700744131,1700744131,0.21839080459770116,0.7529411764705882,0.6588235294117647,0.00784313725490196,0.40784313725490196,0.7529411764705882,0.6588235294117647,0.00784313725490196,0.41568627450980394,True,False,False,True,False,0.0,0.0,0
1700744140,1315,1700744140,1700744140,0.034482758620689655,0.7529411764705882,0.6588235294117647,0.00784313725490196,0.4117647058823529,0.7529411764705882,0.6588235294117647,0.00784313725490196,0.41568627450980394,True,False,False,False,True,0.5835965514610514,0.0012207217517357137,0
1700744143,1318,1700744143,1700744143,0.21839080459770116,0.7529411764705882,0.6588235294117647,0.00784313725490196,0.40784313725490196,0.7529411764705882,0.6588235294117647,0.00784313725490196,0.41568627450980394,True,False,False,True,False,0.0,0.0,0
1700744155,1323,1700744155,1700744155,0.09770114942528736,0.7529411764705882,0.6588235294117647,0.00784313725490196,0.4117647058823529,0.7529411764705882,0.6588235294117647,0.00784313725490196,0.41568627450980394,True,False,False,False,True,0.8737315938048371,0.0012207217517357137,0
1700744189,1336,1700744189,1700744189,0.0,0.7529411764705882,0.6588235294117647,0.00784313725490196,0.4117647058823529,0.7529411764705882,0.6588235294117647,0.00784313725490196,0.40784313725490196,True,False,False,False,True,0.00010681315327687495,0.3769588769359884,0
1700744200,1341,1700744200,1700744200,0.09770114942528736,0.7529411764705882,0.6588235294117647,0.00784313725490196,0.4117647058823529,0.7529411764705882,0.6588235294117647,0.00784313725490196,0.41568627450980394,True,False,False,False,True,0.556221866178378,0.0012207217517357137,0
1700744202,1343,1700744202,1700744202,0.08045977011494253,0.7529411764705882,0.6588235294117647,0.00784313725490196,0.40784313725490196,0.7529411764705882,0.6588235294117647,0.00784313725490196,0.4117647058823529,True,False,False,False,True,0.3769588769359884,0.00010681315327687495,0
1700744215,1348,1700744215,1700744215,0.21839080459770116,0.7529411764705882,0.6588235294117647,0.00784313725490196,0.41568627450980394,0.7529411764705882,0.6588235294117647,0.00784313725490196,0.40784313725490196,True,False,False,True,False,0.0,0.0,0
1700744220,1350,1700744220,1700744220,0.21839080459770116,0.7529411764705882,0.6588235294117647,0.00784313725490196,0.40784313725490196,0.7529411764705882,0.6588235294117647,0.00784313725490196,0.41568627450980394,True,False,False,True,False,0.0,0.0,0
1700744230,1355,1700744230,1700744230,0.08045977011494253,0.7529411764705882,0.6588235294117647,0.00784313725490196,0.41568627450980394,0.7529411764705882,0.6588235294117647,0.00784313725490196,0.4117647058823529,True,False,False,False,True,0.0012207217517357137,0.7588921950102998,0
1700744230,1355,1700744230,1700744230,0.15517241379310345,0.7529411764705882,0.6588235294117647,0.00784313725490196,0.4117647058823529,0.7529411764705882,0.6588235294117647,0.00784313725490196,0.41568627450980394,True,False,False,False,True,0.7588921950102998,0.0012207217517357137,0
1700744233,1358,1700744233,1700744233,0.21839080459770116,0.7529411764705882,0.6588235294117647,0.00784313725490196,0.41568627450980394,0.7529411764705882,0.6588235294117647,0.00784313725490196,0.40784313725490196,True,False,False,True,False,0.0,0.0,0
1700744244,1363,1700744244,1700744244,0.21839080459770116,0.7529411764705882,0.6588235294117647,0.00784313725490196,0.40784313725490196,0.7529411764705882,0.6588235294117647,0.00784313725490196,0.41568627450980394,True,False,False,True,False,0.0,0.0,0
1700744251,1366,1700744251,1700744251,0.08045977011494253,0.7529411764705882,0.6588235294117647,0.00784313725490196,0.40784313725490196,0.7529411764705882,0.6588235294117647,0.00784313725490196,0.4117647058823529,True,False,False,False,True,0.3769588769359884,0.00010681315327687495,0
1700744259,1369,1700744259,1700744259,0.0,0.7529411764705882,0.6588235294117647,0.00784313725490196,0.4117647058823529,0.7529411764705882,0.6588235294117647,0.00784313725490196,0.40784313725490196,True,False,False,False,True,0.00010681315327687495,0.3769588769359884,0
1700744275,1376,1700744275,1700744275,0.14942528735632185,0.7529411764705882,0.6588235294117647,0.00784313725490196,0.4117647058823529,0.7529411764705882,0.6588235294117647,0.00784313725490196,0.41568627450980394,True,False,False,False,True,0.5021744106202792,0.0012207217517357137,0
1700744290,1382,1700744290,1700744290,0.21839080459770116,0.7529411764705882,0.6588235294117647,0.00784313725490196,0.41568627450980394,0.7529411764705882,0.6588235294117647,0.00784313725490196,0.40784313725490196,True,False,False,True,False,0.0,0.0,0
1700744292,1384,1700744292,1700744292,0.21839080459770116,0.7529411764705882,0.6588235294117647,0.00784313725490196,0.41568627450980394,0.7529411764705882,0.6588235294117647,0.00784313725490196,0.40784313725490196,True,False,False,True,False,0.0,0.0,0
1700744301,1387,1700744301,1700744301,0.21839080459770116,0.7529411764705882,0.6588235294117647,0.00784313725490196,0.41568627450980394,0.7529411764705882,0.6588235294117647,0.00784313725490196,0.40784313725490196,True,False,False,True,False,0.0,0.0,0
1700744303,1389,1700744303,1700744303,0.21839080459770116,0.7529411764705882,0.6588235294117647,0.00784313725490196,0.41568627450980394,0.7529411764705882,0.6588235294117647,0.00784313725490196,0.4117647058823529,True,False,False,True,False,0.0,0.0,0
1700744305,1390,1700744305,1700744305,0.034482758620689655,0.7529411764705882,0.6588235294117647,0.00784313725490196,0.41568627450980394,0.7529411764705882,0.6588235294117647,0.00784313725490196,0.4117647058823529,True,False,False,False,True,0.0012207217517357137,0.5244220645456626,0
1700744313,1394,1700744313,1700744313,0.08045977011494253,0.7529411764705882,0.6588235294117647,0.00784313725490196,0.40784313725490196,0.7529411764705882,0.6588235294117647,0.00784313725490196,0.4117647058823529,True,False,False,False,True,0.3769588769359884,0.00010681315327687495,0
1700744335,1403,1700744335,1700744335,0.0,0.7529411764705882,0.6588235294117647,0.00784313725490196,0.41568627450980394,0.7529411764705882,0.6588235294117647,0.00784313725490196,0.4117647058823529,True,False,False,False,True,0.0012207217517357137,0.5021438925764858,0
1700744345,1407,1700744345,1700744345,0.21839080459770116,0.7529411764705882,0.6588235294117647,0.00784313725490196,0.41568627450980394,0.7529411764705882,0.6588235294117647,0.00784313725490196,0.4117647058823529,True,False,False,True,False,0.0,0.0,0
1700744352,1410,1700744352,1700744352,0.08045977011494253,0.7529411764705882,0.6588235294117647,0.00784313725490196,0.40784313725490196,0.7529411764705882,0.6588235294117647,0.00784313725490196,0.4117647058823529,True,False,False,False,True,0.3769588769359884,0.00010681315327687495,0
1700744357,1412,1700744357,1700744357,0.21839080459770116,0.7529411764705882,0.6588235294117647,0.00784313725490196,0.41568627450980394,0.7529411764705882,0.6588235294117647,0.00784313725490196,0.4117647058823529,True,False,False,True,False,0.0,0.0,0
1700744371,1418,1700744371,1700744371,0.0,0.7529411764705882,0.6588235294117647,0.00784313725490196,0.4117647058823529,0.7529411764705882,0.6588235294117647,0.00784313725490196,0.40784313725490196,True,False,False,False,True,0.00010681315327687495,0.3769588769359884,0
1700744374,1420,1700744374,1700744374,0.21839080459770116,0.7529411764705882,0.6588235294117647,0.00784313725490196,0.41568627450980394,0.7529411764705882,0.6588235294117647,0.00784313725490196,0.40784313725490196,True,False,False,True,False,0.0,0.0,0
1700744381,1423,1700744381,1700744381,0.21839080459770116,0.7529411764705882,0.6588235294117647,0.00784313725490196,0.41568627450980394,0.7529411764705882,0.6588235294117647,0.00784313725490196,0.4117647058823529,True,False,False,True,False,0.0,0.0,0
1700744408,1434,1700744408,1700744408,0.21839080459770116,0.7529411764705882,0.6588235294117647,0.00784313725490196,0.4117647058823529,0.7529411764705882,0.6588235294117647,0.00784313725490196,0.41568627450980394,True,False,False,True,False,0.0,0.0,0
1700744410,1436,1700744410,1700744410,0.034482758620689655,0.7529411764705882,0.6588235294117647,0.00784313725490196,0.41568627450980394,0.7529411764705882,0.6588235294117647,0.00784313725490196,0.4117647058823529,True,False,False,False,True,0.0012207217517357137,0.8498054474708171,0
1700744425,1443,1700744425,1700744425,0.21839080459770116,0.7529411764705882,0.6588235294117647,0.00784313725490196,0.4117647058823529,0.7529411764705882,0.6588235294117647,0.00784313725490196,0.41568627450980394,True,False,False,True,False,0.0,0.0,0
1700744432,1446,1700744432,1700744432,0.0,0.0,0.0,0.0,0.0,0.0,0.0,0.0,0.0,False,True,True,False,False,0.0,0.0,0
1700744458,1456,1700744458,1700744458,0.0,0.7529411764705882,0.6588235294117647,0.00784313725490196,0.4117647058823529,0.7529411764705882,0.6588235294117647,0.00784313725490196,0.40784313725490196,True,False,False,False,True,0.00010681315327687495,0.3769588769359884,0
1700744460,1458,1700744460,1700744460,0.0,0.7529411764705882,0.6588235294117647,0.00784313725490196,0.4117647058823529,0.7529411764705882,0.6588235294117647,0.00784313725490196,0.40784313725490196,True,False,False,False,True,0.00010681315327687495,0.3769588769359884,0
1700744470,1463,1700744470,1700744470,0.09770114942528736,0.7529411764705882,0.6588235294117647,0.00784313725490196,0.4117647058823529,0.7529411764705882,0.6588235294117647,0.00784313725490196,0.41568627450980394,True,False,False,False,True,0.9272297245746548,0.0012207217517357137,0
1700744482,1469,1700744482,1700744482,0.21839080459770116,0.7529411764705882,0.6588235294117647,0.00784313725490196,0.4117647058823529,0.7529411764705882,0.6588235294117647,0.00784313725490196,0.41568627450980394,True,False,False,True,False,0.0,0.0,0
1700744482,1469,1700744482,1700744482,0.21839080459770116,0.7529411764705882,0.6588235294117647,0.00784313725490196,0.41568627450980394,0.7529411764705882,0.6588235294117647,0.00784313725490196,0.4117647058823529,True,False,False,True,False,0.0,0.0,0
1700744484,1470,1700744484,1700744484,0.0,0.7529411764705882,0.6588235294117647,0.00784313725490196,0.4117647058823529,0.7529411764705882,0.6588235294117647,0.00784313725490196,0.40784313725490196,True,False,False,False,True,0.00010681315327687495,0.3769588769359884,0
1700744485,1471,1700744485,1700744485,0.034482758620689655,0.7529411764705882,0.6588235294117647,0.00784313725490196,0.41568627450980394,0.7529411764705882,0.6588235294117647,0.00784313725490196,0.4117647058823529,True,False,False,False,True,0.0012207217517357137,0.8536202029449912,0
1700744493,1475,1700744493,1700744493,0.21839080459770116,0.7529411764705882,0.6588235294117647,0.00784313725490196,0.40784313725490196,0.7529411764705882,0.6588235294117647,0.00784313725490196,0.41568627450980394,True,False,False,True,False,0.0,0.0,0
1700744512,1483,1700744512,1700744512,0.21839080459770116,0.7529411764705882,0.6588235294117647,0.00784313725490196,0.41568627450980394,0.7529411764705882,0.6588235294117647,0.00784313725490196,0.40784313725490196,True,False,False,True,False,0.0,0.0,0
1700744523,1488,1700744523,1700744523,0.21839080459770116,0.7529411764705882,0.6588235294117647,0.00784313725490196,0.41568627450980394,0.7529411764705882,0.6588235294117647,0.00784313725490196,0.40784313725490196,True,False,False,True,False,0.0,0.0,0
1700744530,1491,1700744530,1700744530,0.034482758620689655,0.7529411764705882,0.6588235294117647,0.00784313725490196,0.41568627450980394,0.7529411764705882,0.6588235294117647,0.00784313725490196,0.4117647058823529,True,False,False,False,True,0.0012207217517357137,0.8539864194705119,0
1700744530,1491,1700744530,1700744530,0.21839080459770116,0.7529411764705882,0.6588235294117647,0.00784313725490196,0.4117647058823529,0.7529411764705882,0.6588235294117647,0.00784313725490196,0.41568627450980394,True,False,False,True,False,0.0,0.0,0
1700744531,1492,1700744531,1700744531,0.21839080459770116,0.7529411764705882,0.6588235294117647,0.00784313725490196,0.41568627450980394,0.7529411764705882,0.6588235294117647,0.00784313725490196,0.4117647058823529,True,False,False,True,False,0.0,0.0,0
1700744545,1498,1700744545,1700744545,0.09195402298850575,0.7529411764705882,0.6588235294117647,0.00784313725490196,0.4117647058823529,0.7529411764705882,0.6588235294117647,0.00784313725490196,0.41568627450980394,True,False,False,False,True,0.6126497291523614,0.0012207217517357137,0
1700744545,1498,1700744545,1700744545,0.034482758620689655,0.7529411764705882,0.6588235294117647,0.00784313725490196,0.4117647058823529,0.7529411764705882,0.6588235294117647,0.00784313725490196,0.41568627450980394,True,False,False,False,True,0.8536507209887846,0.0012207217517357137,0
1700744549,1499,1700744549,1700744549,0.21839080459770116,0.7529411764705882,0.6588235294117647,0.00784313725490196,0.4117647058823529,0.7529411764705882,0.6588235294117647,0.00784313725490196,0.41568627450980394,True,False,False,True,False,0.0,0.0,0
1700744558,1503,1700744558,1700744558,0.0,0.0,0.0,0.0,0.0,0.0,0.0,0.0,0.0,False,True,True,False,False,0.0,0.0,0
1700744565,1507,1700744565,1700744565,0.21839080459770116,0.7529411764705882,0.6588235294117647,0.00784313725490196,0.4117647058823529,0.7529411764705882,0.6588235294117647,0.00784313725490196,0.41568627450980394,True,False,False,True,False,0.0,0.0,0
1700744574,1511,1700744574,1700744574,0.21839080459770116,0.7529411764705882,0.6588235294117647,0.00784313725490196,0.4117647058823529,0.7529411764705882,0.6588235294117647,0.00784313725490196,0.41568627450980394,True,False,False,True,False,0.0,0.0,0
1700744580,1514,1700744580,1700744580,0.21839080459770116,0.7529411764705882,0.6588235294117647,0.00784313725490196,0.4117647058823529,0.7529411764705882,0.6588235294117647,0.00784313725490196,0.41568627450980394,True,False,False,True,False,0.0,0.0,0
1700744587,1518,1700744587,1700744587,0.21839080459770116,0.7529411764705882,0.6588235294117647,0.00784313725490196,0.4117647058823529,0.7529411764705882,0.6588235294117647,0.00784313725490196,0.41568627450980394,True,False,False,True,False,0.0,0.0,0
1700744590,1520,1700744590,1700744590,0.034482758620689655,0.7529411764705882,0.6588235294117647,0.00784313725490196,0.41568627450980394,0.7529411764705882,0.6588235294117647,0.00784313725490196,0.4117647058823529,True,False,False,False,True,0.0012207217517357137,0.6128023193713283,0
1700744590,1520,1700744590,1700744590,0.034482758620689655,0.7529411764705882,0.6588235294117647,0.00784313725490196,0.4117647058823529,0.7529411764705882,0.6588235294117647,0.00784313725490196,0.41568627450980394,True,False,False,False,True,0.6126497291523614,0.0012207217517357137,0
1700744590,1520,1700744590,1700744590,0.08045977011494253,0.7529411764705882,0.6588235294117647,0.00784313725490196,0.40784313725490196,0.7529411764705882,0.6588235294117647,0.00784313725490196,0.4117647058823529,True,False,False,False,True,0.3769588769359884,0.00010681315327687495,0
1700744593,1523,1700744593,1700744593,0.21839080459770116,0.7529411764705882,0.6588235294117647,0.00784313725490196,0.4117647058823529,0.7529411764705882,0.6588235294117647,0.00784313725490196,0.41568627450980394,True,False,False,True,False,0.0,0.0,0
1700744611,1530,1700744611,1700744611,0.21839080459770116,0.7529411764705882,0.6588235294117647,0.00784313725490196,0.41568627450980394,0.7529411764705882,0.6588235294117647,0.00784313725490196,0.40784313725490196,True,False,False,True,False,0.0,0.0,0
1700744619,1533,1700744619,1700744619,0.0,0.7529411764705882,0.6588235294117647,0.00784313725490196,0.4117647058823529,0.7529411764705882,0.6588235294117647,0.00784313725490196,0.40784313725490196,True,False,False,False,True,0.00010681315327687495,0.3769588769359884,0
1700744646,1545,1700744646,1700744646,0.08045977011494253,0.7529411764705882,0.6588235294117647,0.00784313725490196,0.40784313725490196,0.7529411764705882,0.6588235294117647,0.00784313725490196,0.4117647058823529,True,False,False,False,True,0.3769588769359884,0.00010681315327687495,0
1700744653,1549,1700744653,1700744653,0.21839080459770116,0.7529411764705882,0.6588235294117647,0.00784313725490196,0.41568627450980394,0.7529411764705882,0.6588235294117647,0.00784313725490196,0.4117647058823529,True,False,False,True,False,0.0,0.0,0
1700744654,1550,1700744654,1700744654,0.21839080459770116,0.7529411764705882,0.6588235294117647,0.00784313725490196,0.40784313725490196,0.7529411764705882,0.6588235294117647,0.00784313725490196,0.41568627450980394,True,False,False,True,False,0.0,0.0,0
1700744675,1559,1700744675,1700744675,0.21839080459770116,0.7529411764705882,0.6588235294117647,0.00784313725490196,0.4117647058823529,0.7529411764705882,0.6588235294117647,0.00784313725490196,0.41568627450980394,True,False,False,True,False,0.0,0.0,0
1700744680,1561,1700744680,1700744680,0.09770114942528736,0.7529411764705882,0.6588235294117647,0.00784313725490196,0.4117647058823529,0.7529411764705882,0.6588235294117647,0.00784313725490196,0.41568627450980394,True,False,False,False,True,0.6050812542915999,0.0012207217517357137,0
1700744691,1566,1700744691,1700744691,0.0,0.7529411764705882,0.6588235294117647,0.00784313725490196,0.4117647058823529,0.7529411764705882,0.6588235294117647,0.00784313725490196,0.40784313725490196,True,False,False,False,True,0.00010681315327687495,0.3769588769359884,0
1700744698,1569,1700744698,1700744698,0.21839080459770116,0.7529411764705882,0.6588235294117647,0.00784313725490196,0.41568627450980394,0.7529411764705882,0.6588235294117647,0.00784313725490196,0.4117647058823529,True,False,False,True,False,0.0,0.0,0
1700744723,1581,1700744723,1700744723,0.21839080459770116,0.7529411764705882,0.6588235294117647,0.00784313725490196,0.40784313725490196,0.7529411764705882,0.6588235294117647,0.00784313725490196,0.41568627450980394,True,False,False,True,False,0.0,0.0,0
1700744723,1581,1700744723,1700744723,0.21839080459770116,0.7529411764705882,0.6588235294117647,0.00784313725490196,0.4117647058823529,0.7529411764705882,0.6588235294117647,0.00784313725490196,0.41568627450980394,True,False,False,True,False,0.0,0.0,0
1700744772,1601,1700744772,1700744772,0.21839080459770116,0.7529411764705882,0.6588235294117647,0.00784313725490196,0.40784313725490196,0.7529411764705882,0.6588235294117647,0.00784313725490196,0.41568627450980394,True,False,False,True,False,0.0,0.0,0
1700744777,1603,1700744777,1700744777,0.08045977011494253,0.7529411764705882,0.6588235294117647,0.00784313725490196,0.40784313725490196,0.7529411764705882,0.6588235294117647,0.00784313725490196,0.4117647058823529,True,False,False,False,True,0.3769588769359884,0.00010681315327687495,0
1700744785,1607,1700744785,1700744785,0.09195402298850575,0.7529411764705882,0.6588235294117647,0.00784313725490196,0.4117647058823529,0.7529411764705882,0.6588235294117647,0.00784313725490196,0.41568627450980394,True,False,False,False,True,0.8592050049591821,0.0012207217517357137,0
1700744837,1628,1700744837,1700744837,0.21839080459770116,0.7529411764705882,0.6588235294117647,0.00784313725490196,0.4117647058823529,0.7529411764705882,0.6588235294117647,0.00784313725490196,0.41568627450980394,True,False,False,True,False,0.0,0.0,0
1700744867,1641,1700744867,1700744867,0.21839080459770116,0.7529411764705882,0.6588235294117647,0.00784313725490196,0.41568627450980394,0.7529411764705882,0.6588235294117647,0.00784313725490196,0.4117647058823529,True,False,False,True,False,0.0,0.0,0
1700744872,1644,1700744872,1700744872,0.21839080459770116,0.7529411764705882,0.6588235294117647,0.00784313725490196,0.41568627450980394,0.7529411764705882,0.6588235294117647,0.00784313725490196,0.40784313725490196,True,False,False,True,False,0.0,0.0,0
1700744876,1646,1700744876,1700744876,0.09770114942528736,0.7529411764705882,0.6588235294117647,0.00784313725490196,0.4117647058823529,0.7529411764705882,0.6588235294117647,0.00784313725490196,0.41568627450980394,True,False,False,False,True,0.5892118715190356,0.0012207217517357137,0
1700744876,1646,1700744876,1700744876,0.09770114942528736,0.7529411764705882,0.6588235294117647,0.00784313725490196,0.4117647058823529,0.7529411764705882,0.6588235294117647,0.00784313725490196,0.41568627450980394,True,False,False,False,True,0.6511940184634165,0.0012207217517357137,0
1700744888,1651,1700744888,1700744888,0.21839080459770116,0.7529411764705882,0.6588235294117647,0.00784313725490196,0.4117647058823529,0.7529411764705882,0.6588235294117647,0.00784313725490196,0.41568627450980394,True,False,False,True,False,0.0,0.0,0
1700744891,1653,1700744891,1700744891,0.08045977011494253,0.7529411764705882,0.6588235294117647,0.00784313725490196,0.4117647058823529,0.7529411764705882,0.6588235294117647,0.00784313725490196,0.41568627450980394,True,False,False,False,True,0.7009689478904402,0.0012207217517357137,0
1700744892,1654,1700744892,1700744892,0.21839080459770116,0.7529411764705882,0.6588235294117647,0.00784313725490196,0.41568627450980394,0.7529411764705882,0.6588235294117647,0.00784313725490196,0.4117647058823529,True,False,False,True,False,0.0,0.0,0
1700744905,1659,1700744905,1700744905,0.21839080459770116,0.7529411764705882,0.6588235294117647,0.00784313725490196,0.41568627450980394,0.7529411764705882,0.6588235294117647,0.00784313725490196,0.40784313725490196,True,False,False,True,False,0.0,0.0,0
1700744921,1665,1700744921,1700744921,0.09770114942528736,0.7529411764705882,0.6588235294117647,0.00784313725490196,0.4117647058823529,0.7529411764705882,0.6588235294117647,0.00784313725490196,0.41568627450980394,True,False,False,False,True,0.6516517891203174,0.0012207217517357137,0
1700744925,1667,1700744925,1700744925,0.21839080459770116,0.7529411764705882,0.6588235294117647,0.00784313725490196,0.41568627450980394,0.7529411764705882,0.6588235294117647,0.00784313725490196,0.4117647058823529,True,False,False,True,False,0.0,0.0,0
1700744940,1673,1700744940,1700744940,0.21839080459770116,0.7529411764705882,0.6588235294117647,0.00784313725490196,0.40784313725490196,0.7529411764705882,0.6588235294117647,0.00784313725490196,0.41568627450980394,True,False,False,True,False,0.0,0.0,0
1700744941,1674,1700744941,1700744941,0.21839080459770116,0.7529411764705882,0.6588235294117647,0.00784313725490196,0.4117647058823529,0.7529411764705882,0.6588235294117647,0.00784313725490196,0.41568627450980394,True,False,False,True,False,0.0,0.0,0
1700744951,1678,1700744951,1700744951,0.034482758620689655,0.7529411764705882,0.6588235294117647,0.00784313725490196,0.4117647058823529,0.7529411764705882,0.6588235294117647,0.00784313725490196,0.41568627450980394,True,False,False,False,True,0.7013046463721675,0.0012207217517357137,0
1700744973,1688,1700744973,1700744973,0.21839080459770116,0.7529411764705882,0.6588235294117647,0.00784313725490196,0.4117647058823529,0.7529411764705882,0.6588235294117647,0.00784313725490196,0.41568627450980394,True,False,False,True,False,0.0,0.0,0
1700744981,1691,1700744981,1700744981,0.21839080459770116,0.7529411764705882,0.6588235294117647,0.00784313725490196,0.41568627450980394,0.7529411764705882,0.6588235294117647,0.00784313725490196,0.40784313725490196,True,False,False,True,False,0.0,0.0,0
1700744988,1694,1700744988,1700744988,0.21839080459770116,0.7529411764705882,0.6588235294117647,0.00784313725490196,0.41568627450980394,0.7529411764705882,0.6588235294117647,0.00784313725490196,0.40784313725490196,True,False,False,True,False,0.0,0.0,0
1700744992,1697,1700744992,1700744992,0.21839080459770116,0.7529411764705882,0.6588235294117647,0.00784313725490196,0.40784313725490196,0.7529411764705882,0.6588235294117647,0.00784313725490196,0.41568627450980394,True,False,False,True,False,0.0,0.0,0
1700745026,1711,1700745026,1700745026,0.08045977011494253,0.7529411764705882,0.6588235294117647,0.00784313725490196,0.4117647058823529,0.7529411764705882,0.6588235294117647,0.00784313725490196,0.41568627450980394,True,False,False,False,True,0.6106050202182041,0.0012207217517357137,0
1700745028,1712,1700745028,1700745028,0.21839080459770116,0.7529411764705882,0.6588235294117647,0.00784313725490196,0.4117647058823529,0.7529411764705882,0.6588235294117647,0.00784313725490196,0.41568627450980394,True,False,False,True,False,0.0,0.0,0
1700745031,1714,1700745031,1700745031,0.21839080459770116,0.7529411764705882,0.6588235294117647,0.00784313725490196,0.4117647058823529,0.7529411764705882,0.6588235294117647,0.00784313725490196,0.41568627450980394,True,False,False,True,False,0.0,0.0,0
1700745056,1725,1700745056,1700745056,0.0,0.0,0.0,0.0,0.0,0.0,0.0,0.0,0.0,False,True,True,False,False,0.0,0.0,0
1700745071,1731,1700745071,1700745071,0.034482758620689655,0.7529411764705882,0.6588235294117647,0.00784313725490196,0.4117647058823529,0.7529411764705882,0.6588235294117647,0.00784313725490196,0.41568627450980394,True,False,False,False,True,0.7742732890821699,0.0012207217517357137,0
1700745079,1734,1700745079,1700745079,0.21839080459770116,0.7529411764705882,0.6588235294117647,0.00784313725490196,0.40784313725490196,0.7529411764705882,0.6588235294117647,0.00784313725490196,0.41568627450980394,True,False,False,True,False,0.0,0.0,0
1700745081,1735,1700745081,1700745081,0.21839080459770116,0.7529411764705882,0.6588235294117647,0.00784313725490196,0.4117647058823529,0.7529411764705882,0.6588235294117647,0.00784313725490196,0.40784313725490196,True,False,False,True,False,0.0,0.0,0
1700745086,1738,1700745086,1700745086,0.034482758620689655,0.7529411764705882,0.6588235294117647,0.00784313725490196,0.41568627450980394,0.7529411764705882,0.6588235294117647,0.00784313725490196,0.4117647058823529,True,False,False,False,True,0.0012207217517357137,0.7740901808194095,0
1700745086,1738,1700745086,1700745086,0.034482758620689655,0.7529411764705882,0.6588235294117647,0.00784313725490196,0.41568627450980394,0.7529411764705882,0.6588235294117647,0.00784313725490196,0.4117647058823529,True,False,False,False,True,0.0012207217517357137,0.6107881284809644,0
1700745092,1741,1700745092,1700745092,0.21839080459770116,0.7529411764705882,0.6588235294117647,0.00784313725490196,0.40784313725490196,0.7529411764705882,0.6588235294117647,0.00784313725490196,0.4117647058823529,True,False,False,True,False,0.0,0.0,0
1700745094,1742,1700745094,1700745094,0.21839080459770116,0.7529411764705882,0.6588235294117647,0.00784313725490196,0.4117647058823529,0.7529411764705882,0.6588235294117647,0.00784313725490196,0.40784313725490196,True,False,False,True,False,0.0,0.0,0
1700745109,1748,1700745109,1700745109,0.21839080459770116,0.7529411764705882,0.6588235294117647,0.00784313725490196,0.41568627450980394,0.7529411764705882,0.6588235294117647,0.00784313725490196,0.40784313725490196,True,False,False,True,False,0.0,0.0,0
1700745116,1752,1700745116,1700745116,0.034482758620689655,0.7529411764705882,0.6588235294117647,0.00784313725490196,0.41568627450980394,0.7529411764705882,0.6588235294117647,0.00784313725490196,0.4117647058823529,True,False,False,False,True,0.0012207217517357137,0.51792172121767,0
1700745116,1752,1700745116,1700745116,0.034482758620689655,0.7529411764705882,0.6588235294117647,0.00784313725490196,0.41568627450980394,0.7529411764705882,0.6588235294117647,0.00784313725490196,0.4117647058823529,True,False,False,False,True,0.0012207217517357137,0.5183489738307775,0
1700745152,1767,1700745152,1700745152,0.21839080459770116,0.7529411764705882,0.6588235294117647,0.00784313725490196,0.40784313725490196,0.7529411764705882,0.6588235294117647,0.00784313725490196,0.4117647058823529,True,False,False,True,False,0.0,0.0,0
1700745181,1778,1700745181,1700745181,0.21839080459770116,0.7529411764705882,0.6588235294117647,0.00784313725490196,0.40784313725490196,0.7529411764705882,0.6588235294117647,0.00784313725490196,0.4117647058823529,True,False,False,True,False,0.0,0.0,0
1700745191,1782,1700745191,1700745191,0.09770114942528736,0.7529411764705882,0.6588235294117647,0.00784313725490196,0.4117647058823529,0.7529411764705882,0.6588235294117647,0.00784313725490196,0.41568627450980394,True,False,False,False,True,0.5183489738307775,0.0012207217517357137,0
1700745192,1783,1700745192,1700745192,0.21839080459770116,0.7529411764705882,0.6588235294117647,0.00784313725490196,0.40784313725490196,0.7529411764705882,0.6588235294117647,0.00784313725490196,0.4117647058823529,True,False,False,True,False,0.0,0.0,0
1700745192,1783,1700745192,1700745192,0.21839080459770116,0.7529411764705882,0.6588235294117647,0.00784313725490196,0.4117647058823529,0.7529411764705882,0.6588235294117647,0.00784313725490196,0.40784313725490196,True,False,False,True,False,0.0,0.0,0
1700745196,1785,1700745196,1700745196,0.21839080459770116,0.7529411764705882,0.6588235294117647,0.00784313725490196,0.41568627450980394,0.7529411764705882,0.6588235294117647,0.00784313725490196,0.40784313725490196,True,False,False,True,False,0.0,0.0,0
1700745197,1786,1700745197,1700745197,0.21839080459770116,0.7529411764705882,0.6588235294117647,0.00784313725490196,0.40784313725490196,0.7529411764705882,0.6588235294117647,0.00784313725490196,0.41568627450980394,True,False,False,True,False,0.0,0.0,0
1700745206,1791,1700745206,1700745206,0.08045977011494253,0.7529411764705882,0.6588235294117647,0.00784313725490196,0.4117647058823529,0.7529411764705882,0.6588235294117647,0.00784313725490196,0.41568627450980394,True,False,False,False,True,0.8855420767528801,0.0012207217517357137,0
1700745206,1791,1700745206,1700745206,0.15517241379310345,0.7529411764705882,0.6588235294117647,0.00784313725490196,0.4117647058823529,0.7529411764705882,0.6588235294117647,0.00784313725490196,0.41568627450980394,True,False,False,False,True,0.8855420767528801,0.0012207217517357137,0
1700745206,1791,1700745206,1700745206,0.034482758620689655,0.7529411764705882,0.6588235294117647,0.00784313725490196,0.41568627450980394,0.7529411764705882,0.6588235294117647,0.00784313725490196,0.4117647058823529,True,False,False,False,True,0.0012207217517357137,0.8856641489280537,0
1700745209,1792,1700745209,1700745209,0.21839080459770116,0.7529411764705882,0.6588235294117647,0.00784313725490196,0.40784313725490196,0.7529411764705882,0.6588235294117647,0.00784313725490196,0.4117647058823529,True,False,False,True,False,0.0,0.0,0
1700745217,1796,1700745217,1700745217,0.21839080459770116,0.7529411764705882,0.6588235294117647,0.00784313725490196,0.41568627450980394,0.7529411764705882,0.6588235294117647,0.00784313725490196,0.40784313725490196,True,False,False,True,False,0.0,0.0,0
1700745217,1796,1700745217,1700745217,0.21839080459770116,0.7529411764705882,0.6588235294117647,0.00784313725490196,0.4117647058823529,0.7529411764705882,0.6588235294117647,0.00784313725490196,0.40784313725490196,True,False,False,True,False,0.0,0.0,0
1700745227,1801,1700745227,1700745227,0.21839080459770116,0.7529411764705882,0.6588235294117647,0.00784313725490196,0.41568627450980394,0.7529411764705882,0.6588235294117647,0.00784313725490196,0.4117647058823529,True,False,False,True,False,0.0,0.0,0
1700745233,1805,1700745233,1700745233,0.0,0.0,0.0,0.0,0.0,0.0,0.0,0.0,0.0,False,True,True,False,False,0.0,0.0,0
1700745234,1806,1700745234,1700745234,0.21839080459770116,0.7529411764705882,0.6588235294117647,0.00784313725490196,0.4117647058823529,0.7529411764705882,0.6588235294117647,0.00784313725490196,0.41568627450980394,True,False,False,True,False,0.0,0.0,0
1700745245,1811,1700745245,1700745245,0.21839080459770116,0.7529411764705882,0.6588235294117647,0.00784313725490196,0.4117647058823529,0.7529411764705882,0.6588235294117647,0.00784313725490196,0.41568627450980394,True,False,False,True,False,0.0,0.0,0
1700745251,1813,1700745251,1700745251,0.034482758620689655,0.7529411764705882,0.6588235294117647,0.00784313725490196,0.41568627450980394,0.7529411764705882,0.6588235294117647,0.00784313725490196,0.4117647058823529,True,False,False,False,True,0.0012207217517357137,0.8856641489280537,0
1700745261,1817,1700745261,1700745261,0.21839080459770116,0.7529411764705882,0.6588235294117647,0.00784313725490196,0.4117647058823529,0.7529411764705882,0.6588235294117647,0.00784313725490196,0.41568627450980394,True,False,False,True,False,0.0,0.0,0
1700745265,1819,1700745265,1700745265,0.21839080459770116,0.7529411764705882,0.6588235294117647,0.00784313725490196,0.41568627450980394,0.7529411764705882,0.6588235294117647,0.00784313725490196,0.40784313725490196,True,False,False,True,False,0.0,0.0,0
1700745266,1820,1700745266,1700745266,0.034482758620689655,0.7529411764705882,0.6588235294117647,0.00784313725490196,0.41568627450980394,0.7529411764705882,0.6588235294117647,0.00784313725490196,0.4117647058823529,True,False,False,False,True,0.0012207217517357137,0.8853894865339131,0
1700745269,1821,1700745269,1700745269,0.21839080459770116,0.7529411764705882,0.6588235294117647,0.00784313725490196,0.41568627450980394,0.7529411764705882,0.6588235294117647,0.00784313725490196,0.40784313725490196,True,False,False,True,False,0.0,0.0,0
1700745279,1825,1700745279,1700745279,0.21839080459770116,0.7529411764705882,0.6588235294117647,0.00784313725490196,0.4117647058823529,0.7529411764705882,0.6588235294117647,0.00784313725490196,0.41568627450980394,True,False,False,True,False,0.0,0.0,0
1700745281,1826,1700745281,1700745281,0.09770114942528736,0.7529411764705882,0.6588235294117647,0.00784313725490196,0.4117647058823529,0.7529411764705882,0.6588235294117647,0.00784313725490196,0.41568627450980394,True,False,False,False,True,0.8855420767528801,0.0012207217517357137,0
1700745294,1832,1700745294,1700745294,0.21839080459770116,0.7529411764705882,0.6588235294117647,0.00784313725490196,0.41568627450980394,0.7529411764705882,0.6588235294117647,0.00784313725490196,0.40784313725490196,True,False,False,True,False,0.0,0.0,0
1700745296,1834,1700745296,1700745296,0.08045977011494253,0.7529411764705882,0.6588235294117647,0.00784313725490196,0.41568627450980394,0.7529411764705882,0.6588235294117647,0.00784313725490196,0.4117647058823529,True,False,False,False,True,0.0012207217517357137,0.7857785915922789,0
1700745300,1836,1700745300,1700745300,0.21839080459770116,0.7529411764705882,0.6588235294117647,0.00784313725490196,0.41568627450980394,0.7529411764705882,0.6588235294117647,0.00784313725490196,0.40784313725490196,True,False,False,True,False,0.0,0.0,0
1700745325,1847,1700745325,1700745325,0.21839080459770116,0.7529411764705882,0.6588235294117647,0.00784313725490196,0.4117647058823529,0.7529411764705882,0.6588235294117647,0.00784313725490196,0.41568627450980394,True,False,False,True,False,0.0,0.0,0
1700745334,1851,1700745334,1700745334,0.21839080459770116,0.7529411764705882,0.6588235294117647,0.00784313725490196,0.40784313725490196,0.7529411764705882,0.6588235294117647,0.00784313725490196,0.41568627450980394,True,False,False,True,False,0.0,0.0,0
1700745337,1853,1700745337,1700745337,0.21839080459770116,0.7529411764705882,0.6588235294117647,0.00784313725490196,0.41568627450980394,0.7529411764705882,0.6588235294117647,0.00784313725490196,0.40784313725490196,True,False,False,True,False,0.0,0.0,0
1700745341,1855,1700745341,1700745341,0.09770114942528736,0.7529411764705882,0.6588235294117647,0.00784313725490196,0.4117647058823529,0.7529411764705882,0.6588235294117647,0.00784313725490196,0.41568627450980394,True,False,False,False,True,0.7865110246433203,0.0012207217517357137,0
1700745346,1858,1700745346,1700745346,0.21839080459770116,0.7529411764705882,0.6588235294117647,0.00784313725490196,0.4117647058823529,0.7529411764705882,0.6588235294117647,0.00784313725490196,0.41568627450980394,True,False,False,True,False,0.0,0.0,0
1700745354,1862,1700745354,1700745354,0.21839080459770116,0.7529411764705882,0.6588235294117647,0.00784313725490196,0.41568627450980394,0.7529411764705882,0.6588235294117647,0.00784313725490196,0.4117647058823529,True,False,False,True,False,0.0,0.0,0
1700745362,1866,1700745362,1700745362,0.21839080459770116,0.7529411764705882,0.6588235294117647,0.00784313725490196,0.40784313725490196,0.7529411764705882,0.6588235294117647,0.00784313725490196,0.4117647058823529,True,False,False,True,False,0.0,0.0,0
1700745363,1867,1700745363,1700745363,0.21839080459770116,0.7529411764705882,0.6588235294117647,0.00784313725490196,0.40784313725490196,0.7529411764705882,0.6588235294117647,0.00784313725490196,0.4117647058823529,True,False,False,True,False,0.0,0.0,0
1700745401,1882,1700745401,1700745401,0.034482758620689655,0.7529411764705882,0.6588235294117647,0.00784313725490196,0.41568627450980394,0.7529411764705882,0.6588235294117647,0.00784313725490196,0.4117647058823529,True,False,False,False,True,0.0012207217517357137,0.6619058518348974,0
1700745416,1889,1700745416,1700745416,0.09770114942528736,0.7529411764705882,0.6588235294117647,0.00784313725490196,0.4117647058823529,0.7529411764705882,0.6588235294117647,0.00784313725490196,0.41568627450980394,True,False,False,False,True,0.6147859922178989,0.0012207217517357137,0
1700745431,1895,1700745431,1700745431,0.09770114942528736,0.7529411764705882,0.6588235294117647,0.00784313725490196,0.4117647058823529,0.7529411764705882,0.6588235294117647,0.00784313725490196,0.41568627450980394,True,False,False,False,True,0.6155184252689403,0.0012207217517357137,0
1700745446,1902,1700745446,1700745446,0.21839080459770116,0.7529411764705882,0.6588235294117647,0.00784313725490196,0.40784313725490196,0.7529411764705882,0.6588235294117647,0.00784313725490196,0.4117647058823529,True,False,False,True,False,0.0,0.0,0
1700745447,1903,1700745447,1700745447,0.21839080459770116,0.7529411764705882,0.6588235294117647,0.00784313725490196,0.4117647058823529,0.7529411764705882,0.6588235294117647,0.00784313725490196,0.41568627450980394,True,False,False,True,False,0.0,0.0,0
1700745448,1904,1700745448,1700745448,0.21839080459770116,0.7529411764705882,0.6588235294117647,0.00784313725490196,0.41568627450980394,0.7529411764705882,0.6588235294117647,0.00784313725490196,0.4117647058823529,True,False,False,True,False,0.0,0.0,0
1700745456,1909,1700745456,1700745456,0.21839080459770116,0.7529411764705882,0.6588235294117647,0.00784313725490196,0.41568627450980394,0.7529411764705882,0.6588235294117647,0.00784313725490196,0.4117647058823529,True,False,False,True,False,0.0,0.0,0
1700745457,1910,1700745457,1700745457,0.21839080459770116,0.7529411764705882,0.6588235294117647,0.00784313725490196,0.4117647058823529,0.7529411764705882,0.6588235294117647,0.00784313725490196,0.40784313725490196,True,False,False,True,False,0.0,0.0,0
1700745462,1913,1700745462,1700745462,0.21839080459770116,0.7529411764705882,0.6588235294117647,0.00784313725490196,0.4117647058823529,0.7529411764705882,0.6588235294117647,0.00784313725490196,0.40784313725490196,True,False,False,True,False,0.0,0.0,0
1700745471,1916,1700745471,1700745471,0.21839080459770116,0.7529411764705882,0.6588235294117647,0.00784313725490196,0.4117647058823529,0.7529411764705882,0.6588235294117647,0.00784313725490196,0.40784313725490196,True,False,False,True,False,0.0,0.0,0
1700745476,1919,1700745476,1700745476,1.0,0.7529411764705882,0.6588235294117647,0.00784313725490196,0.4117647058823529,0.7529411764705882,0.6588235294117647,0.00784313725490196,0.41568627450980394,True,False,False,False,True,0.7365224689097429,0.0012207217517357137,0
1700745476,1919,1700745476,1700745476,0.15517241379310345,0.7529411764705882,0.6588235294117647,0.00784313725490196,0.4117647058823529,0.7529411764705882,0.6588235294117647,0.00784313725490196,0.41568627450980394,True,False,False,False,True,0.7367666132600901,0.0012207217517357137,0
1700745476,1919,1700745476,1700745476,0.15517241379310345,0.7529411764705882,0.6588235294117647,0.00784313725490196,0.4117647058823529,0.7529411764705882,0.6588235294117647,0.00784313725490196,0.41568627450980394,True,False,False,False,True,0.7372549019607844,0.0012207217517357137,0
1700745480,1921,1700745480,1700745480,0.21839080459770116,0.7529411764705882,0.6588235294117647,0.00784313725490196,0.4117647058823529,0.7529411764705882,0.6588235294117647,0.00784313725490196,0.40784313725490196,True,False,False,True,False,0.0,0.0,0
1700745493,1928,1700745493,1700745493,0.21839080459770116,0.7529411764705882,0.6588235294117647,0.00784313725490196,0.40784313725490196,0.7529411764705882,0.6588235294117647,0.00784313725490196,0.41568627450980394,True,False,False,True,False,0.0,0.0,0
1700745521,1939,1700745521,1700745521,0.09770114942528736,0.7529411764705882,0.6588235294117647,0.00784313725490196,0.4117647058823529,0.7529411764705882,0.6588235294117647,0.00784313725490196,0.41568627450980394,True,False,False,False,True,0.7374074921797513,0.0012207217517357137,0
1700745521,1939,1700745521,1700745521,0.08045977011494253,0.7529411764705882,0.6588235294117647,0.00784313725490196,0.41568627450980394,0.7529411764705882,0.6588235294117647,0.00784313725490196,0.4117647058823529,True,False,False,False,True,0.0012207217517357137,0.5506981002517739,0
1700745525,1941,1700745525,1700745525,0.21839080459770116,0.7529411764705882,0.6588235294117647,0.00784313725490196,0.40784313725490196,0.7529411764705882,0.6588235294117647,0.00784313725490196,0.4117647058823529,True,False,False,True,False,0.0,0.0,0
1700745528,1942,1700745528,1700745528,0.21839080459770116,0.7529411764705882,0.6588235294117647,0.00784313725490196,0.41568627450980394,0.7529411764705882,0.6588235294117647,0.00784313725490196,0.40784313725490196,True,False,False,True,False,0.0,0.0,0
1700745536,1947,1700745536,1700745536,0.09770114942528736,0.7529411764705882,0.6588235294117647,0.00784313725490196,0.4117647058823529,0.7529411764705882,0.6588235294117647,0.00784313725490196,0.41568627450980394,True,False,False,False,True,0.55039291981384,0.0012207217517357137,0
1700745551,1953,1700745551,1700745551,0.21839080459770116,0.7529411764705882,0.6588235294117647,0.00784313725490196,0.40784313725490196,0.7529411764705882,0.6588235294117647,0.00784313725490196,0.4117647058823529,True,False,False,True,False,0.0,0.0,0
1700745551,1953,1700745551,1700745551,0.09770114942528736,0.7529411764705882,0.6588235294117647,0.00784313725490196,0.4117647058823529,0.7529411764705882,0.6588235294117647,0.00784313725490196,0.41568627450980394,True,False,False,False,True,0.7367666132600901,0.0012207217517357137,0
1700745554,1955,1700745554,1700745554,0.21839080459770116,0.7529411764705882,0.6588235294117647,0.00784313725490196,0.40784313725490196,0.7529411764705882,0.6588235294117647,0.00784313725490196,0.4117647058823529,True,False,False,True,False,0.0,0.0,0
1700745555,1956,1700745555,1700745555,0.0,0.0,0.0,0.0,0.0,0.0,0.0,0.0,0.0,False,True,True,False,False,0.0,0.0,0
1700745566,1961,1700745566,1700745566,0.14942528735632185,0.7529411764705882,0.6588235294117647,0.00784313725490196,0.4117647058823529,0.7529411764705882,0.6588235294117647,0.00784313725490196,0.41568627450980394,True,False,False,False,True,0.887708857862211,0.0012207217517357137,0
1700745577,1966,1700745577,1700745577,0.21839080459770116,0.7529411764705882,0.6588235294117647,0.00784313725490196,0.4117647058823529,0.7529411764705882,0.6588235294117647,0.00784313725490196,0.40784313725490196,True,False,False,True,False,0.0,0.0,0
1700745581,1968,1700745581,1700745581,0.034482758620689655,0.7529411764705882,0.6588235294117647,0.00784313725490196,0.4117647058823529,0.7529411764705882,0.6588235294117647,0.00784313725490196,0.41568627450980394,True,False,False,False,True,0.5506981002517739,0.0012207217517357137,0
1700745586,1971,1700745586,1700745586,0.21839080459770116,0.7529411764705882,0.6588235294117647,0.00784313725490196,0.40784313725490196,0.7529411764705882,0.6588235294117647,0.00784313725490196,0.41568627450980394,True,False,False,True,False,0.0,0.0,0
1700745596,1976,1700745596,1700745596,0.034482758620689655,0.7529411764705882,0.6588235294117647,0.00784313725490196,0.41568627450980394,0.7529411764705882,0.6588235294117647,0.00784313725490196,0.4117647058823529,True,False,False,False,True,0.0012207217517357137,0.8871900511177233,0
1700745599,1977,1700745599,1700745599,0.21839080459770116,0.7529411764705882,0.6588235294117647,0.00784313725490196,0.40784313725490196,0.7529411764705882,0.6588235294117647,0.00784313725490196,0.41568627450980394,True,False,False,True,False,0.0,0.0,0
1700745608,1981,1700745608,1700745608,0.21839080459770116,0.7529411764705882,0.6588235294117647,0.00784313725490196,0.4117647058823529,0.7529411764705882,0.6588235294117647,0.00784313725490196,0.40784313725490196,True,False,False,True,False,0.0,0.0,0
1700745611,1983,1700745611,1700745611,0.034482758620689655,0.7529411764705882,0.6588235294117647,0.00784313725490196,0.41568627450980394,0.7529411764705882,0.6588235294117647,0.00784313725490196,0.4117647058823529,True,False,False,False,True,0.0012207217517357137,0.887708857862211,0
1700745611,1983,1700745611,1700745611,0.034482758620689655,0.7529411764705882,0.6588235294117647,0.00784313725490196,0.41568627450980394,0.7529411764705882,0.6588235294117647,0.00784313725490196,0.4117647058823529,True,False,False,False,True,0.0012207217517357137,0.6036469062333104,0
1700745616,1986,1700745616,1700745616,0.21839080459770116,0.7529411764705882,0.6588235294117647,0.00784313725490196,0.41568627450980394,0.7529411764705882,0.6588235294117647,0.00784313725490196,0.40784313725490196,True,False,False,True,False,0.0,0.0,0
1700745625,1990,1700745625,1700745625,0.0,0.0,0.0,0.0,0.0,0.0,0.0,0.0,0.0,False,True,True,False,False,0.0,0.0,0
1700745626,1991,1700745626,1700745626,0.034482758620689655,0.7529411764705882,0.6588235294117647,0.00784313725490196,0.41568627450980394,0.7529411764705882,0.6588235294117647,0.00784313725490196,0.4117647058823529,True,False,False,False,True,0.0012207217517357137,0.8871900511177233,0
1700745631,1993,1700745631,1700745631,0.21839080459770116,0.7529411764705882,0.6588235294117647,0.00784313725490196,0.4117647058823529,0.7529411764705882,0.6588235294117647,0.00784313725490196,0.41568627450980394,True,False,False,True,False,0.0,0.0,0
