Type,TimeReceived,SequenceNum,SamplingRate,FlowDirection,SamplerAddress,TimeFlowStart,TimeFlowEnd,TimeFlowStartMs,TimeFlowEndMs,Bytes,Packets,SrcAddr,DstAddr,Etype,Proto,SrcPort,DstPort,InIf,OutIf,SrcMac,DstMac,SrcVlan,DstVlan,VlanId,IngressVrfId,EgressVrfId,IpTos,ForwardingStatus,IpTtl,TcpFlags,IcmpType,IcmpCode,Ipv6FlowLabel,FragmentId,FragmentOffset,BiFlowDirection,SrcAs,DstAs,NextHop,NextHopAs,SrcNet,DstNet,BgpNextHop,BgpCommunities,AsPath,HasMpls,MplsCount,Mpls_1Ttl,Mpls_1Label,Mpls_2Ttl,Mpls_2Label,Mpls_3Ttl,Mpls_3Label,MplsLastTtl,MplsLastLabel,MplsLabelIp,ObservationDomainId,ObservationPointId,CustomInteger_1,CustomInteger_2,CustomInteger_3,CustomInteger_4,CustomInteger_5,CustomBytes_1,CustomBytes_2,CustomBytes_3,CustomBytes_4,CustomBytes_5
SFLOW_5,1700742789,717,64,0,192.168.204.244,1700742789,1700742789,0,0,102,1,192.168.2.106,192.168.2.105,2048,1,0,0,4,5,ae:71:77:b7:f3:5f,08:00:27:cb:7e:f5,0,0,0,0,0,0,0,64,0,0,0,0,54066,0,0,0,0,,0,0,0,[],[],[],False,0,0,0,0,0,0,0,0,0,[],0,0,0,0,0,0,0,[],[],[],[],[]
SFLOW_5,1700742937,780,64,0,192.168.204.244,1700742937,1700742937,0,0,102,1,192.168.2.106,192.168.2.105,2048,1,0,0,4,5,ae:71:77:b7:f3:5f,08:00:27:cb:7e:f5,0,0,0,0,0,0,0,64,0,0,0,0,7285,0,0,0,0,,0,0,0,[],[],[],False,0,0,0,0,0,0,0,0,0,[],0,0,0,0,0,0,0,[],[],[],[],[]
SFLOW_5,1700742957,789,64,0,192.168.204.244,1700742957,1700742957,0,0,102,1,192.168.2.106,192.168.2.105,2048,1,0,0,4,5,ae:71:77:b7:f3:5f,08:00:27:cb:7e:f5,0,0,0,0,0,0,0,64,0,0,0,0,10198,0,0,0,0,,0,0,0,[],[],[],False,0,0,0,0,0,0,0,0,0,[],0,0,0,0,0,0,0,[],[],[],[],[]
SFLOW_5,1700743004,809,64,0,192.168.204.244,1700743004,1700743004,0,0,102,1,192.168.2.105,192.168.2.106,2048,1,0,0,5,4,08:00:27:cb:7e:f5,ae:71:77:b7:f3:5f,0,0,0,0,0,0,0,64,0,8,0,0,19825,16384,0,0,0,,0,0,0,[],[],[],False,0,0,0,0,0,0,0,0,0,[],0,0,0,0,0,0,0,[],[],[],[],[]
SFLOW_5,1700743041,824,64,0,192.168.204.244,1700743041,1700743041,0,0,102,1,192.168.2.106,192.168.2.105,2048,1,0,0,4,5,ae:71:77:b7:f3:5f,08:00:27:cb:7e:f5,0,0,0,0,0,0,0,64,0,0,0,0,20656,0,0,0,0,,0,0,0,[],[],[],False,0,0,0,0,0,0,0,0,0,[],0,0,0,0,0,0,0,[],[],[],[],[]
SFLOW_5,1700743091,844,64,0,192.168.204.244,1700743091,1700743091,0,0,102,1,192.168.2.106,192.168.2.105,2048,1,0,0,4,5,ae:71:77:b7:f3:5f,08:00:27:cb:7e:f5,0,0,0,0,0,0,0,64,0,0,0,0,27096,0,0,0,0,,0,0,0,[],[],[],False,0,0,0,0,0,0,0,0,0,[],0,0,0,0,0,0,0,[],[],[],[],[]
SFLOW_5,1700743092,845,64,0,192.168.204.244,1700743092,1700743092,0,0,102,1,192.168.2.106,192.168.2.105,2048,1,0,0,4,5,ae:71:77:b7:f3:5f,08:00:27:cb:7e:f5,0,0,0,0,0,0,0,64,0,0,0,0,27257,0,0,0,0,,0,0,0,[],[],[],False,0,0,0,0,0,0,0,0,0,[],0,0,0,0,0,0,0,[],[],[],[],[]
SFLOW_5,1700743108,851,64,0,192.168.204.244,1700743108,1700743108,0,0,102,1,192.168.2.105,192.168.2.106,2048,1,0,0,5,4,08:00:27:cb:7e:f5,ae:71:77:b7:f3:5f,0,0,0,0,0,0,0,64,0,8,0,0,32544,16384,0,0,0,,0,0,0,[],[],[],False,0,0,0,0,0,0,0,0,0,[],0,0,0,0,0,0,0,[],[],[],[],[]
SFLOW_5,1700743110,853,64,0,192.168.204.244,1700743110,1700743110,0,0,102,1,192.168.2.105,192.168.2.106,2048,1,0,0,5,4,08:00:27:cb:7e:f5,ae:71:77:b7:f3:5f,0,0,0,0,0,0,0,64,0,8,0,0,32774,16384,0,0,0,,0,0,0,[],[],[],False,0,0,0,0,0,0,0,0,0,[],0,0,0,0,0,0,0,[],[],[],[],[]
SFLOW_5,1700743139,865,64,0,192.168.204.244,1700743139,1700743139,0,0,102,1,192.168.2.105,192.168.2.106,2048,1,0,0,5,4,08:00:27:cb:7e:f5,ae:71:77:b7:f3:5f,0,0,0,0,0,0,0,64,0,8,0,0,36274,16384,0,0,0,,0,0,0,[],[],[],False,0,0,0,0,0,0,0,0,0,[],0,0,0,0,0,0,0,[],[],[],[],[]
SFLOW_5,1700743152,871,64,0,192.168.204.244,1700743152,1700743152,0,0,102,1,192.168.2.105,192.168.2.106,2048,1,0,0,5,4,08:00:27:cb:7e:f5,ae:71:77:b7:f3:5f,0,0,0,0,0,0,0,64,0,8,0,0,38039,16384,0,0,0,,0,0,0,[],[],[],False,0,0,0,0,0,0,0,0,0,[],0,0,0,0,0,0,0,[],[],[],[],[]
SFLOW_5,1700743231,902,64,0,192.168.204.244,1700743231,1700743231,0,0,102,1,192.168.2.105,192.168.2.106,2048,1,0,0,5,4,08:00:27:cb:7e:f5,ae:71:77:b7:f3:5f,0,0,0,0,0,0,0,64,0,8,0,0,48003,16384,0,0,0,,0,0,0,[],[],[],False,0,0,0,0,0,0,0,0,0,[],0,0,0,0,0,0,0,[],[],[],[],[]
SFLOW_5,1700743231,902,64,0,192.168.204.244,1700743231,1700743231,0,0,102,1,192.168.2.106,192.168.2.105,2048,1,0,0,4,5,ae:71:77:b7:f3:5f,08:00:27:cb:7e:f5,0,0,0,0,0,0,0,64,0,0,0,0,45417,0,0,0,0,,0,0,0,[],[],[],False,0,0,0,0,0,0,0,0,0,[],0,0,0,0,0,0,0,[],[],[],[],[]
SFLOW_5,1700743273,920,64,0,192.168.204.244,1700743273,1700743273,0,0,102,1,192.168.2.105,192.168.2.106,2048,1,0,0,5,4,08:00:27:cb:7e:f5,ae:71:77:b7:f3:5f,0,0,0,0,0,0,0,64,0,8,0,0,52996,16384,0,0,0,,0,0,0,[],[],[],False,0,0,0,0,0,0,0,0,0,[],0,0,0,0,0,0,0,[],[],[],[],[]
SFLOW_5,1700743284,925,64,0,192.168.204.244,1700743284,1700743284,0,0,102,1,192.168.2.105,192.168.2.106,2048,1,0,0,5,4,08:00:27:cb:7e:f5,ae:71:77:b7:f3:5f,0,0,0,0,0,0,0,64,0,8,0,0,54128,16384,0,0,0,,0,0,0,[],[],[],False,0,0,0,0,0,0,0,0,0,[],0,0,0,0,0,0,0,[],[],[],[],[]
SFLOW_5,1700743284,925,64,0,192.168.204.244,1700743284,1700743284,0,0,102,1,192.168.2.106,192.168.2.105,2048,1,0,0,4,5,ae:71:77:b7:f3:5f,08:00:27:cb:7e:f5,0,0,0,0,0,0,0,64,0,0,0,0,51795,0,0,0,0,,0,0,0,[],[],[],False,0,0,0,0,0,0,0,0,0,[],0,0,0,0,0,0,0,[],[],[],[],[]
SFLOW_5,1700743302,933,64,0,192.168.204.244,1700743302,1700743302,0,0,102,1,192.168.2.106,192.168.2.105,2048,1,0,0,4,5,ae:71:77:b7:f3:5f,08:00:27:cb:7e:f5,0,0,0,0,0,0,0,64,0,0,0,0,53811,0,0,0,0,,0,0,0,[],[],[],False,0,0,0,0,0,0,0,0,0,[],0,0,0,0,0,0,0,[],[],[],[],[]
SFLOW_5,1700743338,947,64,0,192.168.204.244,1700743338,1700743338,0,0,102,1,192.168.2.106,192.168.2.105,2048,1,0,0,4,5,ae:71:77:b7:f3:5f,08:00:27:cb:7e:f5,0,0,0,0,0,0,0,64,0,0,0,0,58872,0,0,0,0,,0,0,0,[],[],[],False,0,0,0,0,0,0,0,0,0,[],0,0,0,0,0,0,0,[],[],[],[],[]
SFLOW_5,1700743341,949,64,0,192.168.204.244,1700743341,1700743341,0,0,102,1,192.168.2.106,192.168.2.105,2048,1,0,0,4,5,ae:71:77:b7:f3:5f,08:00:27:cb:7e:f5,0,0,0,0,0,0,0,64,0,0,0,0,59131,0,0,0,0,,0,0,0,[],[],[],False,0,0,0,0,0,0,0,0,0,[],0,0,0,0,0,0,0,[],[],[],[],[]
SFLOW_5,1700743352,954,64,0,192.168.204.244,1700743352,1700743352,0,0,102,1,192.168.2.105,192.168.2.106,2048,1,0,0,5,4,08:00:27:cb:7e:f5,ae:71:77:b7:f3:5f,0,0,0,0,0,0,0,64,0,8,0,0,63076,16384,0,0,0,,0,0,0,[],[],[],False,0,0,0,0,0,0,0,0,0,[],0,0,0,0,0,0,0,[],[],[],[],[]
SFLOW_5,1700743373,963,64,0,192.168.204.244,1700743373,1700743373,0,0,102,1,192.168.2.106,192.168.2.105,2048,1,0,0,4,5,ae:71:77:b7:f3:5f,08:00:27:cb:7e:f5,0,0,0,0,0,0,0,64,0,0,0,0,63492,0,0,0,0,,0,0,0,[],[],[],False,0,0,0,0,0,0,0,0,0,[],0,0,0,0,0,0,0,[],[],[],[],[]
SFLOW_5,1700743375,964,64,0,192.168.204.244,1700743375,1700743375,0,0,102,1,192.168.2.106,192.168.2.105,2048,1,0,0,4,5,ae:71:77:b7:f3:5f,08:00:27:cb:7e:f5,0,0,0,0,0,0,0,64,0,0,0,0,63552,0,0,0,0,,0,0,0,[],[],[],False,0,0,0,0,0,0,0,0,0,[],0,0,0,0,0,0,0,[],[],[],[],[]
SFLOW_5,1700743376,965,64,0,192.168.204.244,1700743376,1700743376,0,0,102,1,192.168.2.105,192.168.2.106,2048,1,0,0,5,4,08:00:27:cb:7e:f5,ae:71:77:b7:f3:5f,0,0,0,0,0,0,0,64,0,8,0,0,558,16384,0,0,0,,0,0,0,[],[],[],False,0,0,0,0,0,0,0,0,0,[],0,0,0,0,0,0,0,[],[],[],[],[]
SFLOW_5,1700743384,969,64,0,192.168.204.244,1700743384,1700743384,0,0,64,1,,,2054,0,0,0,5,4,08:00:27:cb:7e:f5,ae:71:77:b7:f3:5f,0,0,0,0,0,0,0,0,0,0,0,0,0,0,0,0,0,,0,0,0,[],[],[],False,0,0,0,0,0,0,0,0,0,[],0,0,0,0,0,0,0,[],[],[],[],[]
SFLOW_5,1700743402,976,64,0,192.168.204.244,1700743402,1700743402,0,0,102,1,192.168.2.105,192.168.2.106,2048,1,0,0,5,4,08:00:27:cb:7e:f5,ae:71:77:b7:f3:5f,0,0,0,0,0,0,0,64,0,8,0,0,3043,16384,0,0,0,,0,0,0,[],[],[],False,0,0,0,0,0,0,0,0,0,[],0,0,0,0,0,0,0,[],[],[],[],[]
SFLOW_5,1700743407,979,64,0,192.168.204.244,1700743407,1700743407,0,0,102,1,192.168.2.104,192.168.2.106,2048,1,0,0,6,4,00:50:79:66:68:00,ae:71:77:b7:f3:5f,0,0,0,0,0,0,0,64,0,0,0,0,42076,16384,0,0,0,,0,0,0,[],[],[],False,0,0,0,0,0,0,0,0,0,[],0,0,0,0,0,0,0,[],[],[],[],[]
SFLOW_5,1700743408,980,64,0,192.168.204.244,1700743408,1700743408,0,0,102,1,192.168.2.106,192.168.2.104,2048,1,0,0,4,6,ae:71:77:b7:f3:5f,00:50:79:66:68:00,0,0,0,0,0,0,0,64,0,8,0,0,42289,16384,0,0,0,,0,0,0,[],[],[],False,0,0,0,0,0,0,0,0,0,[],0,0,0,0,0,0,0,[],[],[],[],[]
SFLOW_5,1700743416,984,64,0,192.168.204.244,1700743416,1700743416,0,0,102,1,192.168.2.106,192.168.2.105,2048,1,0,0,4,5,ae:71:77:b7:f3:5f,08:00:27:cb:7e:f5,0,0,0,0,0,0,0,64,0,0,0,0,2390,0,0,0,0,,0,0,0,[],[],[],False,0,0,0,0,0,0,0,0,0,[],0,0,0,0,0,0,0,[],[],[],[],[]
SFLOW_5,1700743419,985,64,0,192.168.204.244,1700743419,1700743419,0,0,102,1,192.168.2.106,192.168.2.105,2048,1,0,0,4,5,ae:71:77:b7:f3:5f,08:00:27:cb:7e:f5,0,0,0,0,0,0,0,64,0,0,0,0,2649,0,0,0,0,,0,0,0,[],[],[],False,0,0,0,0,0,0,0,0,0,[],0,0,0,0,0,0,0,[],[],[],[],[]
SFLOW_5,1700743434,993,64,0,192.168.204.244,1700743434,1700743434,0,0,102,1,192.168.2.106,192.168.2.105,2048,1,0,0,4,5,ae:71:77:b7:f3:5f,08:00:27:cb:7e:f5,0,0,0,0,0,0,0,64,0,0,0,0,4785,0,0,0,0,,0,0,0,[],[],[],False,0,0,0,0,0,0,0,0,0,[],0,0,0,0,0,0,0,[],[],[],[],[]
SFLOW_5,1700743434,993,64,0,192.168.204.244,1700743434,1700743434,0,0,102,1,192.168.2.106,192.168.2.104,2048,1,0,0,4,6,ae:71:77:b7:f3:5f,00:50:79:66:68:00,0,0,0,0,0,0,0,64,0,8,0,0,45722,16384,0,0,0,,0,0,0,[],[],[],False,0,0,0,0,0,0,0,0,0,[],0,0,0,0,0,0,0,[],[],[],[],[]
SFLOW_5,1700743451,1000,64,0,192.168.204.244,1700743451,1700743451,0,0,102,1,192.168.2.106,192.168.2.105,2048,1,0,0,4,5,ae:71:77:b7:f3:5f,08:00:27:cb:7e:f5,0,0,0,0,0,0,0,64,0,0,0,0,6701,0,0,0,0,,0,0,0,[],[],[],False,0,0,0,0,0,0,0,0,0,[],0,0,0,0,0,0,0,[],[],[],[],[]
SFLOW_5,1700743460,1004,64,0,192.168.204.244,1700743460,1700743460,0,0,64,1,192.168.2.105,192.168.2.104,2048,6,7,24704,5,6,08:00:27:cb:7e:f5,00:50:79:66:68:00,0,0,0,0,0,0,0,64,20,0,0,0,0,16384,0,0,0,,0,0,0,[],[],[],False,0,0,0,0,0,0,0,0,0,[],0,0,0,0,0,0,0,[],[],[],[],[]
SFLOW_5,1700743484,1015,64,0,192.168.204.244,1700743484,1700743484,0,0,64,1,192.168.2.105,192.168.2.104,2048,6,7,24704,5,6,08:00:27:cb:7e:f5,00:50:79:66:68:00,0,0,0,0,0,0,0,64,20,0,0,0,0,16384,0,0,0,,0,0,0,[],[],[],False,0,0,0,0,0,0,0,0,0,[],0,0,0,0,0,0,0,[],[],[],[],[]
SFLOW_5,1700743498,1021,64,0,192.168.204.244,1700743498,1700743498,0,0,102,1,192.168.2.106,192.168.2.105,2048,1,0,0,4,5,ae:71:77:b7:f3:5f,08:00:27:cb:7e:f5,0,0,0,0,0,0,0,64,0,0,0,0,11845,0,0,0,0,,0,0,0,[],[],[],False,0,0,0,0,0,0,0,0,0,[],0,0,0,0,0,0,0,[],[],[],[],[]
SFLOW_5,1700743500,1022,64,0,192.168.204.244,1700743500,1700743500,0,0,64,1,192.168.2.105,192.168.2.104,2048,6,7,24704,5,6,08:00:27:cb:7e:f5,00:50:79:66:68:00,0,0,0,0,0,0,0,64,20,0,0,0,0,16384,0,0,0,,0,0,0,[],[],[],False,0,0,0,0,0,0,0,0,0,[],0,0,0,0,0,0,0,[],[],[],[],[]
SFLOW_5,1700743507,1026,64,0,192.168.204.244,1700743507,1700743507,0,0,102,1,192.168.2.106,192.168.2.105,2048,1,0,0,4,5,ae:71:77:b7:f3:5f,08:00:27:cb:7e:f5,0,0,0,0,0,0,0,64,0,0,0,0,12909,0,0,0,0,,0,0,0,[],[],[],False,0,0,0,0,0,0,0,0,0,[],0,0,0,0,0,0,0,[],[],[],[],[]
SFLOW_5,1700743510,1027,64,0,192.168.204.244,1700743510,1700743510,0,0,238,1,192.168.2.105,192.168.2.106,2048,6,60140,80,5,4,08:00:27:cb:7e:f5,ae:71:77:b7:f3:5f,0,0,0,0,0,0,0,64,24,0,0,0,49932,16384,0,0,0,,0,0,0,[],[],[],False,0,0,0,0,0,0,0,0,0,[],0,0,0,0,0,0,0,[],[],[],[],[]
SFLOW_5,1700743510,1027,64,0,192.168.204.244,1700743510,1700743510,0,0,70,1,192.168.2.105,192.168.2.106,2048,6,60172,80,5,4,08:00:27:cb:7e:f5,ae:71:77:b7:f3:5f,0,0,0,0,0,0,0,64,16,0,0,0,8071,16384,0,0,0,,0,0,0,[],[],[],False,0,0,0,0,0,0,0,0,0,[],0,0,0,0,0,0,0,[],[],[],[],[]
SFLOW_5,1700743510,1027,64,0,192.168.204.244,1700743510,1700743510,0,0,70,1,192.168.2.106,192.168.2.105,2048,6,80,60182,4,5,ae:71:77:b7:f3:5f,08:00:27:cb:7e:f5,0,0,0,0,0,0,0,64,16,0,0,0,60716,16384,0,0,0,,0,0,0,[],[],[],False,0,0,0,0,0,0,0,0,0,[],0,0,0,0,0,0,0,[],[],[],[],[]
SFLOW_5,1700743513,1029,64,0,192.168.204.244,1700743513,1700743513,0,0,102,1,192.168.2.106,192.168.2.105,2048,1,0,0,4,5,ae:71:77:b7:f3:5f,08:00:27:cb:7e:f5,0,0,0,0,0,0,0,64,0,0,0,0,13942,0,0,0,0,,0,0,0,[],[],[],False,0,0,0,0,0,0,0,0,0,[],0,0,0,0,0,0,0,[],[],[],[],[]
SFLOW_5,1700743532,1036,64,0,192.168.204.244,1700743532,1700743532,0,0,78,1,192.168.2.104,192.168.2.105,2048,6,24704,7,6,5,00:50:79:66:68:00,08:00:27:cb:7e:f5,0,0,0,0,0,0,0,64,2,0,0,0,18751,0,0,0,0,,0,0,0,[],[],[],False,0,0,0,0,0,0,0,0,0,[],0,0,0,0,0,0,0,[],[],[],[],[]
SFLOW_5,1700743540,1039,64,0,192.168.204.244,1700743540,1700743540,0,0,70,1,192.168.2.106,192.168.2.105,2048,6,80,60172,4,5,ae:71:77:b7:f3:5f,08:00:27:cb:7e:f5,0,0,0,0,0,0,0,64,16,0,0,0,45737,16384,0,0,0,,0,0,0,[],[],[],False,0,0,0,0,0,0,0,0,0,[],0,0,0,0,0,0,0,[],[],[],[],[]
SFLOW_5,1700743545,1042,64,0,192.168.204.244,1700743545,1700743545,0,0,102,1,192.168.2.106,192.168.2.104,2048,1,0,0,4,6,ae:71:77:b7:f3:5f,00:50:79:66:68:00,0,0,0,0,0,0,0,64,0,8,0,0,60502,16384,0,0,0,,0,0,0,[],[],[],False,0,0,0,0,0,0,0,0,0,[],0,0,0,0,0,0,0,[],[],[],[],[]
SFLOW_5,1700743550,1044,64,0,192.168.204.244,1700743550,1700743550,0,0,102,1,192.168.2.106,192.168.2.105,2048,1,0,0,4,5,ae:71:77:b7:f3:5f,08:00:27:cb:7e:f5,0,0,0,0,0,0,0,64,0,0,0,0,19102,0,0,0,0,,0,0,0,[],[],[],False,0,0,0,0,0,0,0,0,0,[],0,0,0,0,0,0,0,[],[],[],[],[]
SFLOW_5,1700743555,1047,64,0,192.168.204.244,1700743555,1700743555,0,0,70,1,192.168.2.106,192.168.2.105,2048,6,80,60172,4,5,ae:71:77:b7:f3:5f,08:00:27:cb:7e:f5,0,0,0,0,0,0,0,64,16,0,0,0,45738,16384,0,0,0,,0,0,0,[],[],[],False,0,0,0,0,0,0,0,0,0,[],0,0,0,0,0,0,0,[],[],[],[],[]
SFLOW_5,1700743690,1109,64,0,192.168.204.244,1700743690,1700743690,0,0,78,1,192.168.2.106,192.168.2.105,2048,6,80,57950,4,5,ae:71:77:b7:f3:5f,08:00:27:cb:7e:f5,0,0,0,0,0,0,0,64,18,0,0,0,0,16384,0,0,0,,0,0,0,[],[],[],False,0,0,0,0,0,0,0,0,0,[],0,0,0,0,0,0,0,[],[],[],[],[]
SFLOW_5,1700743691,1110,64,0,192.168.204.244,1700743691,1700743691,0,0,102,1,192.168.2.106,192.168.2.105,2048,1,0,0,4,5,ae:71:77:b7:f3:5f,08:00:27:cb:7e:f5,0,0,0,0,0,0,0,64,0,0,0,0,36991,0,0,0,0,,0,0,0,[],[],[],False,0,0,0,0,0,0,0,0,0,[],0,0,0,0,0,0,0,[],[],[],[],[]
SFLOW_5,1700743693,1112,64,0,192.168.204.244,1700743693,1700743693,0,0,102,1,192.168.2.106,192.168.2.104,2048,1,0,0,4,6,ae:71:77:b7:f3:5f,00:50:79:66:68:00,0,0,0,0,0,0,0,64,0,8,0,0,13857,16384,0,0,0,,0,0,0,[],[],[],False,0,0,0,0,0,0,0,0,0,[],0,0,0,0,0,0,0,[],[],[],[],[]
SFLOW_5,1700743705,1117,64,0,192.168.204.244,1700743705,1700743705,0,0,102,1,192.168.2.105,192.168.2.106,2048,1,0,0,5,4,08:00:27:cb:7e:f5,ae:71:77:b7:f3:5f,0,0,0,0,0,0,0,64,0,8,0,0,42148,16384,0,0,0,,0,0,0,[],[],[],False,0,0,0,0,0,0,0,0,0,[],0,0,0,0,0,0,0,[],[],[],[],[]
SFLOW_5,1700743705,1117,64,0,192.168.204.244,1700743705,1700743705,0,0,102,1,192.168.2.104,192.168.2.106,2048,1,0,0,6,4,00:50:79:66:68:00,ae:71:77:b7:f3:5f,0,0,0,0,0,0,0,64,0,0,0,0,15967,16384,0,0,0,,0,0,0,[],[],[],False,0,0,0,0,0,0,0,0,0,[],0,0,0,0,0,0,0,[],[],[],[],[]
SFLOW_5,1700743711,1120,64,0,192.168.204.244,1700743711,1700743711,0,0,78,1,192.168.2.104,192.168.2.105,2048,6,24704,7,6,5,00:50:79:66:68:00,08:00:27:cb:7e:f5,0,0,0,0,0,0,0,64,2,0,0,0,18883,0,0,0,0,,0,0,0,[],[],[],False,0,0,0,0,0,0,0,0,0,[],0,0,0,0,0,0,0,[],[],[],[],[]
SFLOW_5,1700743718,1124,64,0,192.168.204.244,1700743718,1700743718,0,0,102,1,192.168.2.104,192.168.2.106,2048,1,0,0,6,4,00:50:79:66:68:00,ae:71:77:b7:f3:5f,0,0,0,0,0,0,0,64,0,0,0,0,17000,16384,0,0,0,,0,0,0,[],[],[],False,0,0,0,0,0,0,0,0,0,[],0,0,0,0,0,0,0,[],[],[],[],[]
SFLOW_5,1700743720,1125,64,0,192.168.204.244,1700743720,1700743720,0,0,81,1,192.168.2.105,192.168.2.106,2048,6,57910,80,5,4,08:00:27:cb:7e:f5,ae:71:77:b7:f3:5f,0,0,0,0,0,0,0,64,24,0,0,0,20302,16384,0,0,0,,0,0,0,[],[],[],False,0,0,0,0,0,0,0,0,0,[],0,0,0,0,0,0,0,[],[],[],[],[]
SFLOW_5,1700743723,1127,64,0,192.168.204.244,1700743723,1700743723,0,0,64,1,192.168.2.105,192.168.2.104,2048,6,7,24704,5,6,08:00:27:cb:7e:f5,00:50:79:66:68:00,0,0,0,0,0,0,0,64,20,0,0,0,0,16384,0,0,0,,0,0,0,[],[],[],False,0,0,0,0,0,0,0,0,0,[],0,0,0,0,0,0,0,[],[],[],[],[]
SFLOW_5,1700743726,1128,64,0,192.168.204.244,1700743726,1700743726,0,0,102,1,192.168.2.106,192.168.2.105,2048,1,0,0,4,5,ae:71:77:b7:f3:5f,08:00:27:cb:7e:f5,0,0,0,0,0,0,0,64,0,0,0,0,41586,0,0,0,0,,0,0,0,[],[],[],False,0,0,0,0,0,0,0,0,0,[],0,0,0,0,0,0,0,[],[],[],[],[]
SFLOW_5,1700743735,1132,64,0,192.168.204.244,1700743735,1700743735,0,0,64,1,192.168.2.106,192.168.2.105,2048,6,80,41264,4,5,ae:71:77:b7:f3:5f,08:00:27:cb:7e:f5,0,0,0,0,0,0,0,64,4,0,0,0,0,16384,0,0,0,,0,0,0,[],[],[],False,0,0,0,0,0,0,0,0,0,[],0,0,0,0,0,0,0,[],[],[],[],[]
SFLOW_5,1700743748,1138,64,0,192.168.204.244,1700743748,1700743748,0,0,102,1,192.168.2.106,192.168.2.105,2048,1,0,0,4,5,ae:71:77:b7:f3:5f,08:00:27:cb:7e:f5,0,0,0,0,0,0,0,64,0,0,0,0,44552,0,0,0,0,,0,0,0,[],[],[],False,0,0,0,0,0,0,0,0,0,[],0,0,0,0,0,0,0,[],[],[],[],[]
SFLOW_5,1700743750,1139,64,0,192.168.204.244,1700743750,1700743750,0,0,70,1,192.168.2.106,192.168.2.105,2048,6,80,56784,4,5,ae:71:77:b7:f3:5f,08:00:27:cb:7e:f5,0,0,0,0,0,0,0,64,16,0,0,0,2310,16384,0,0,0,,0,0,0,[],[],[],False,0,0,0,0,0,0,0,0,0,[],0,0,0,0,0,0,0,[],[],[],[],[]
SFLOW_5,1700743750,1139,64,0,192.168.204.244,1700743750,1700743750,0,0,70,1,192.168.2.106,192.168.2.105,2048,6,80,57898,4,5,ae:71:77:b7:f3:5f,08:00:27:cb:7e:f5,0,0,0,0,0,0,0,64,17,0,0,0,42172,16384,0,0,0,,0,0,0,[],[],[],False,0,0,0,0,0,0,0,0,0,[],0,0,0,0,0,0,0,[],[],[],[],[]
SFLOW_5,1700743784,1153,64,0,192.168.204.244,1700743784,1700743784,0,0,102,1,192.168.2.106,192.168.2.105,2048,1,0,0,4,5,ae:71:77:b7:f3:5f,08:00:27:cb:7e:f5,0,0,0,0,0,0,0,64,0,0,0,0,49010,0,0,0,0,,0,0,0,[],[],[],False,0,0,0,0,0,0,0,0,0,[],0,0,0,0,0,0,0,[],[],[],[],[]
SFLOW_5,1700743796,1158,64,0,192.168.204.244,1700743796,1700743796,0,0,70,1,192.168.2.106,192.168.2.105,2048,6,80,47968,4,5,ae:71:77:b7:f3:5f,08:00:27:cb:7e:f5,0,0,0,0,0,0,0,64,16,0,0,0,1043,16384,0,0,0,,0,0,0,[],[],[],False,0,0,0,0,0,0,0,0,0,[],0,0,0,0,0,0,0,[],[],[],[],[]
SFLOW_5,1700743826,1171,64,0,192.168.204.244,1700743826,1700743826,0,0,78,1,192.168.2.105,192.168.2.106,2048,6,37322,80,5,4,08:00:27:cb:7e:f5,ae:71:77:b7:f3:5f,0,0,0,0,0,0,0,64,2,0,0,0,53195,16384,0,0,0,,0,0,0,[],[],[],False,0,0,0,0,0,0,0,0,0,[],0,0,0,0,0,0,0,[],[],[],[],[]
SFLOW_5,1700743841,1177,64,0,192.168.204.244,1700743841,1700743841,0,0,81,1,192.168.2.105,192.168.2.106,2048,6,47930,80,5,4,08:00:27:cb:7e:f5,ae:71:77:b7:f3:5f,0,0,0,0,0,0,0,64,24,0,0,0,55053,16384,0,0,0,,0,0,0,[],[],[],False,0,0,0,0,0,0,0,0,0,[],0,0,0,0,0,0,0,[],[],[],[],[]
SFLOW_5,1700743841,1177,64,0,192.168.204.244,1700743841,1700743841,0,0,81,1,192.168.2.105,192.168.2.106,2048,6,37322,80,5,4,08:00:27:cb:7e:f5,ae:71:77:b7:f3:5f,0,0,0,0,0,0,0,64,24,0,0,0,53199,16384,0,0,0,,0,0,0,[],[],[],False,0,0,0,0,0,0,0,0,0,[],0,0,0,0,0,0,0,[],[],[],[],[]
SFLOW_5,1700743857,1184,64,0,192.168.204.244,1700743857,1700743857,0,0,102,1,192.168.2.105,192.168.2.106,2048,1,0,0,5,4,08:00:27:cb:7e:f5,ae:71:77:b7:f3:5f,0,0,0,0,0,0,0,64,0,8,0,0,60701,16384,0,0,0,,0,0,0,[],[],[],False,0,0,0,0,0,0,0,0,0,[],0,0,0,0,0,0,0,[],[],[],[],[]
SFLOW_5,1700743865,1188,64,0,192.168.204.244,1700743865,1700743865,0,0,78,1,192.168.2.104,192.168.2.105,2048,6,24704,7,6,5,00:50:79:66:68:00,08:00:27:cb:7e:f5,0,0,0,0,0,0,0,64,2,0,0,0,18991,0,0,0,0,,0,0,0,[],[],[],False,0,0,0,0,0,0,0,0,0,[],0,0,0,0,0,0,0,[],[],[],[],[]
SFLOW_5,1700743871,1190,64,0,192.168.204.244,1700743871,1700743871,0,0,70,1,192.168.2.105,192.168.2.106,2048,6,41316,80,5,4,08:00:27:cb:7e:f5,ae:71:77:b7:f3:5f,0,0,0,0,0,0,0,64,16,0,0,0,20698,16384,0,0,0,,0,0,0,[],[],[],False,0,0,0,0,0,0,0,0,0,[],0,0,0,0,0,0,0,[],[],[],[],[]
SFLOW_5,1700743886,1197,64,0,192.168.204.244,1700743886,1700743886,0,0,70,1,192.168.2.106,192.168.2.105,2048,6,80,37322,4,5,ae:71:77:b7:f3:5f,08:00:27:cb:7e:f5,0,0,0,0,0,0,0,64,16,0,0,0,21556,16384,0,0,0,,0,0,0,[],[],[],False,0,0,0,0,0,0,0,0,0,[],0,0,0,0,0,0,0,[],[],[],[],[]
SFLOW_5,1700743890,1199,64,0,192.168.204.244,1700743890,1700743890,0,0,102,1,192.168.2.105,192.168.2.106,2048,1,0,0,5,4,08:00:27:cb:7e:f5,ae:71:77:b7:f3:5f,0,0,0,0,0,0,0,64,0,8,0,0,65154,16384,0,0,0,,0,0,0,[],[],[],False,0,0,0,0,0,0,0,0,0,[],0,0,0,0,0,0,0,[],[],[],[],[]
SFLOW_5,1700743891,1200,64,0,192.168.204.244,1700743891,1700743891,0,0,102,1,192.168.2.105,192.168.2.106,2048,1,0,0,5,4,08:00:27:cb:7e:f5,ae:71:77:b7:f3:5f,0,0,0,0,0,0,0,64,0,8,0,0,65269,16384,0,0,0,,0,0,0,[],[],[],False,0,0,0,0,0,0,0,0,0,[],0,0,0,0,0,0,0,[],[],[],[],[]
SFLOW_5,1700743915,1211,64,0,192.168.204.244,1700743915,1700743915,0,0,64,1,,,2054,0,0,0,4,5,ae:71:77:b7:f3:5f,08:00:27:cb:7e:f5,0,0,0,0,0,0,0,0,0,0,0,0,0,0,0,0,0,,0,0,0,[],[],[],False,0,0,0,0,0,0,0,0,0,[],0,0,0,0,0,0,0,[],[],[],[],[]
SFLOW_5,1700743925,1216,64,0,192.168.204.244,1700743925,1700743925,0,0,102,1,192.168.2.105,192.168.2.106,2048,1,0,0,5,4,08:00:27:cb:7e:f5,ae:71:77:b7:f3:5f,0,0,0,0,0,0,0,64,0,8,0,0,4014,16384,0,0,0,,0,0,0,[],[],[],False,0,0,0,0,0,0,0,0,0,[],0,0,0,0,0,0,0,[],[],[],[],[]
SFLOW_5,1700743926,1217,64,0,192.168.204.244,1700743926,1700743926,0,0,102,1,192.168.2.104,192.168.2.106,2048,1,0,0,6,4,00:50:79:66:68:00,ae:71:77:b7:f3:5f,0,0,0,0,0,0,0,64,0,0,0,0,43369,16384,0,0,0,,0,0,0,[],[],[],False,0,0,0,0,0,0,0,0,0,[],0,0,0,0,0,0,0,[],[],[],[],[]
SFLOW_5,1700743937,1222,64,0,192.168.204.244,1700743937,1700743937,0,0,64,1,192.168.2.105,192.168.2.104,2048,6,7,24704,5,6,08:00:27:cb:7e:f5,00:50:79:66:68:00,0,0,0,0,0,0,0,64,20,0,0,0,0,16384,0,0,0,,0,0,0,[],[],[],False,0,0,0,0,0,0,0,0,0,[],0,0,0,0,0,0,0,[],[],[],[],[]
SFLOW_5,1700743977,1238,64,0,192.168.204.244,1700743977,1700743977,0,0,81,1,192.168.2.105,192.168.2.106,2048,6,35980,80,5,4,08:00:27:cb:7e:f5,ae:71:77:b7:f3:5f,0,0,0,0,0,0,0,64,24,0,0,0,1540,16384,0,0,0,,0,0,0,[],[],[],False,0,0,0,0,0,0,0,0,0,[],0,0,0,0,0,0,0,[],[],[],[],[]
SFLOW_5,1700743978,1239,64,0,192.168.204.244,1700743978,1700743978,0,0,78,1,192.168.2.104,192.168.2.105,2048,6,24704,7,6,5,00:50:79:66:68:00,08:00:27:cb:7e:f5,0,0,0,0,0,0,0,64,2,0,0,0,19075,0,0,0,0,,0,0,0,[],[],[],False,0,0,0,0,0,0,0,0,0,[],0,0,0,0,0,0,0,[],[],[],[],[]
SFLOW_5,1700743981,1240,64,0,192.168.204.244,1700743981,1700743981,0,0,64,1,192.168.2.105,192.168.2.104,2048,6,7,24704,5,6,08:00:27:cb:7e:f5,00:50:79:66:68:00,0,0,0,0,0,0,0,64,20,0,0,0,0,16384,0,0,0,,0,0,0,[],[],[],False,0,0,0,0,0,0,0,0,0,[],0,0,0,0,0,0,0,[],[],[],[],[]
SFLOW_5,1700743989,1244,64,0,192.168.204.244,1700743989,1700743989,0,0,64,1,192.168.2.105,192.168.2.104,2048,6,7,24704,5,6,08:00:27:cb:7e:f5,00:50:79:66:68:00,0,0,0,0,0,0,0,64,20,0,0,0,0,16384,0,0,0,,0,0,0,[],[],[],False,0,0,0,0,0,0,0,0,0,[],0,0,0,0,0,0,0,[],[],[],[],[]
SFLOW_5,1700743991,1245,64,0,192.168.204.244,1700743991,1700743991,0,0,102,1,192.168.2.105,192.168.2.106,2048,1,0,0,5,4,08:00:27:cb:7e:f5,ae:71:77:b7:f3:5f,0,0,0,0,0,0,0,64,0,8,0,0,11902,16384,0,0,0,,0,0,0,[],[],[],False,0,0,0,0,0,0,0,0,0,[],0,0,0,0,0,0,0,[],[],[],[],[]
SFLOW_5,1700744007,1252,64,0,192.168.204.244,1700744007,1700744007,0,0,90,1,192.168.2.105,192.168.2.106,2048,6,56124,80,5,4,08:00:27:cb:7e:f5,ae:71:77:b7:f3:5f,0,0,0,0,0,0,0,64,24,0,0,0,3379,16384,0,0,0,,0,0,0,[],[],[],False,0,0,0,0,0,0,0,0,0,[],0,0,0,0,0,0,0,[],[],[],[],[]
SFLOW_5,1700744007,1252,64,0,192.168.204.244,1700744007,1700744007,0,0,70,1,192.168.2.106,192.168.2.105,2048,6,80,56142,4,5,ae:71:77:b7:f3:5f,08:00:27:cb:7e:f5,0,0,0,0,0,0,0,64,16,0,0,0,11689,16384,0,0,0,,0,0,0,[],[],[],False,0,0,0,0,0,0,0,0,0,[],0,0,0,0,0,0,0,[],[],[],[],[]
SFLOW_5,1700744015,1256,64,0,192.168.204.244,1700744015,1700744015,0,0,102,1,192.168.2.106,192.168.2.105,2048,1,0,0,4,5,ae:71:77:b7:f3:5f,08:00:27:cb:7e:f5,0,0,0,0,0,0,0,64,0,0,0,0,12877,0,0,0,0,,0,0,0,[],[],[],False,0,0,0,0,0,0,0,0,0,[],0,0,0,0,0,0,0,[],[],[],[],[]
SFLOW_5,1700744021,1258,64,0,192.168.204.244,1700744021,1700744021,0,0,78,1,192.168.2.104,192.168.2.105,2048,6,24704,7,6,5,00:50:79:66:68:00,08:00:27:cb:7e:f5,0,0,0,0,0,0,0,64,2,0,0,0,19105,0,0,0,0,,0,0,0,[],[],[],False,0,0,0,0,0,0,0,0,0,[],0,0,0,0,0,0,0,[],[],[],[],[]
SFLOW_5,1700744022,1259,64,0,192.168.204.244,1700744022,1700744022,0,0,70,1,192.168.2.106,192.168.2.105,2048,6,80,35980,4,5,ae:71:77:b7:f3:5f,08:00:27:cb:7e:f5,0,0,0,0,0,0,0,64,17,0,0,0,44165,16384,0,0,0,,0,0,0,[],[],[],False,0,0,0,0,0,0,0,0,0,[],0,0,0,0,0,0,0,[],[],[],[],[]
SFLOW_5,1700744046,1270,64,0,192.168.204.244,1700744046,1700744046,0,0,102,1,192.168.2.106,192.168.2.105,2048,1,0,0,4,5,ae:71:77:b7:f3:5f,08:00:27:cb:7e:f5,0,0,0,0,0,0,0,64,0,0,0,0,16641,0,0,0,0,,0,0,0,[],[],[],False,0,0,0,0,0,0,0,0,0,[],0,0,0,0,0,0,0,[],[],[],[],[]
SFLOW_5,1700744056,1275,64,0,192.168.204.244,1700744056,1700744056,0,0,102,1,192.168.2.104,192.168.2.106,2048,1,0,0,6,4,00:50:79:66:68:00,ae:71:77:b7:f3:5f,0,0,0,0,0,0,0,64,0,0,0,0,60643,16384,0,0,0,,0,0,0,[],[],[],False,0,0,0,0,0,0,0,0,0,[],0,0,0,0,0,0,0,[],[],[],[],[]
SFLOW_5,1700744067,1280,64,0,192.168.204.244,1700744067,1700744067,0,0,70,1,192.168.2.106,192.168.2.105,2048,6,80,36210,4,5,ae:71:77:b7:f3:5f,08:00:27:cb:7e:f5,0,0,0,0,0,0,0,64,16,0,0,0,17644,16384,0,0,0,,0,0,0,[],[],[],False,0,0,0,0,0,0,0,0,0,[],0,0,0,0,0,0,0,[],[],[],[],[]
SFLOW_5,1700744077,1284,64,0,192.168.204.244,1700744077,1700744077,0,0,102,1,192.168.2.105,192.168.2.106,2048,1,0,0,5,4,08:00:27:cb:7e:f5,ae:71:77:b7:f3:5f,0,0,0,0,0,0,0,64,0,8,0,0,22959,16384,0,0,0,,0,0,0,[],[],[],False,0,0,0,0,0,0,0,0,0,[],0,0,0,0,0,0,0,[],[],[],[],[]
SFLOW_5,1700744082,1286,64,0,192.168.204.244,1700744082,1700744082,0,0,64,1,192.168.2.106,192.168.2.105,2048,6,80,56132,4,5,ae:71:77:b7:f3:5f,08:00:27:cb:7e:f5,0,0,0,0,0,0,0,64,4,0,0,0,0,16384,0,0,0,,0,0,0,[],[],[],False,0,0,0,0,0,0,0,0,0,[],0,0,0,0,0,0,0,[],[],[],[],[]
SFLOW_5,1700744086,1289,64,0,192.168.204.244,1700744086,1700744086,0,0,102,1,192.168.2.106,192.168.2.104,2048,1,0,0,4,6,ae:71:77:b7:f3:5f,00:50:79:66:68:00,0,0,0,0,0,0,0,64,0,8,0,0,64623,16384,0,0,0,,0,0,0,[],[],[],False,0,0,0,0,0,0,0,0,0,[],0,0,0,0,0,0,0,[],[],[],[],[]
SFLOW_5,1700744096,1294,64,0,192.168.204.244,1700744096,1700744096,0,0,102,1,192.168.2.106,192.168.2.105,2048,1,0,0,4,5,ae:71:77:b7:f3:5f,08:00:27:cb:7e:f5,0,0,0,0,0,0,0,64,0,0,0,0,23460,0,0,0,0,,0,0,0,[],[],[],False,0,0,0,0,0,0,0,0,0,[],0,0,0,0,0,0,0,[],[],[],[],[]
SFLOW_5,1700744097,1295,64,0,192.168.204.244,1700744097,1700744097,0,0,102,1,192.168.2.106,192.168.2.104,2048,1,0,0,4,6,ae:71:77:b7:f3:5f,00:50:79:66:68:00,0,0,0,0,0,0,0,64,0,8,0,0,355,16384,0,0,0,,0,0,0,[],[],[],False,0,0,0,0,0,0,0,0,0,[],0,0,0,0,0,0,0,[],[],[],[],[]
SFLOW_5,1700744097,1295,64,0,192.168.204.244,1700744097,1700744097,0,0,90,1,192.168.2.105,192.168.2.106,2048,6,57238,80,5,4,08:00:27:cb:7e:f5,ae:71:77:b7:f3:5f,0,0,0,0,0,0,0,64,24,0,0,0,42099,16384,0,0,0,,0,0,0,[],[],[],False,0,0,0,0,0,0,0,0,0,[],0,0,0,0,0,0,0,[],[],[],[],[]
SFLOW_5,1700744098,1296,64,0,192.168.204.244,1700744098,1700744098,0,0,102,1,192.168.2.106,192.168.2.104,2048,1,0,0,4,6,ae:71:77:b7:f3:5f,00:50:79:66:68:00,0,0,0,0,0,0,0,64,0,8,0,0,402,16384,0,0,0,,0,0,0,[],[],[],False,0,0,0,0,0,0,0,0,0,[],0,0,0,0,0,0,0,[],[],[],[],[]
SFLOW_5,1700744107,1300,64,0,192.168.204.244,1700744107,1700744107,0,0,102,1,192.168.2.105,192.168.2.106,2048,1,0,0,5,4,08:00:27:cb:7e:f5,ae:71:77:b7:f3:5f,0,0,0,0,0,0,0,64,0,8,0,0,27130,16384,0,0,0,,0,0,0,[],[],[],False,0,0,0,0,0,0,0,0,0,[],0,0,0,0,0,0,0,[],[],[],[],[]
SFLOW_5,1700744110,1302,64,0,192.168.204.244,1700744110,1700744110,0,0,81,1,192.168.2.105,192.168.2.106,2048,6,57246,80,5,4,08:00:27:cb:7e:f5,ae:71:77:b7:f3:5f,0,0,0,0,0,0,0,64,24,0,0,0,44801,16384,0,0,0,,0,0,0,[],[],[],False,0,0,0,0,0,0,0,0,0,[],0,0,0,0,0,0,0,[],[],[],[],[]
SFLOW_5,1700744110,1302,64,0,192.168.204.244,1700744110,1700744110,0,0,70,1,192.168.2.106,192.168.2.105,2048,6,80,57270,4,5,ae:71:77:b7:f3:5f,08:00:27:cb:7e:f5,0,0,0,0,0,0,0,64,16,0,0,0,63305,16384,0,0,0,,0,0,0,[],[],[],False,0,0,0,0,0,0,0,0,0,[],0,0,0,0,0,0,0,[],[],[],[],[]
SFLOW_5,1700744119,1306,64,0,192.168.204.244,1700744119,1700744119,0,0,102,1,192.168.2.106,192.168.2.105,2048,1,0,0,4,5,ae:71:77:b7:f3:5f,08:00:27:cb:7e:f5,0,0,0,0,0,0,0,64,0,0,0,0,26937,0,0,0,0,,0,0,0,[],[],[],False,0,0,0,0,0,0,0,0,0,[],0,0,0,0,0,0,0,[],[],[],[],[]
SFLOW_5,1700744121,1307,64,0,192.168.204.244,1700744121,1700744121,0,0,102,1,192.168.2.104,192.168.2.106,2048,1,0,0,6,4,00:50:79:66:68:00,ae:71:77:b7:f3:5f,0,0,0,0,0,0,0,64,0,0,0,0,3788,16384,0,0,0,,0,0,0,[],[],[],False,0,0,0,0,0,0,0,0,0,[],0,0,0,0,0,0,0,[],[],[],[],[]
SFLOW_5,1700744131,1311,64,0,192.168.204.244,1700744131,1700744131,0,0,102,1,192.168.2.104,192.168.2.106,2048,1,0,0,6,4,00:50:79:66:68:00,ae:71:77:b7:f3:5f,0,0,0,0,0,0,0,64,0,0,0,0,5032,16384,0,0,0,,0,0,0,[],[],[],False,0,0,0,0,0,0,0,0,0,[],0,0,0,0,0,0,0,[],[],[],[],[]
SFLOW_5,1700744140,1315,64,0,192.168.204.244,1700744140,1700744140,0,0,70,1,192.168.2.105,192.168.2.106,2048,6,38246,80,5,4,08:00:27:cb:7e:f5,ae:71:77:b7:f3:5f,0,0,0,0,0,0,0,64,16,0,0,0,32543,16384,0,0,0,,0,0,0,[],[],[],False,0,0,0,0,0,0,0,0,0,[],0,0,0,0,0,0,0,[],[],[],[],[]
SFLOW_5,1700744143,1318,64,0,192.168.204.244,1700744143,1700744143,0,0,102,1,192.168.2.104,192.168.2.106,2048,1,0,0,6,4,00:50:79:66:68:00,ae:71:77:b7:f3:5f,0,0,0,0,0,0,0,64,0,0,0,0,6574,16384,0,0,0,,0,0,0,[],[],[],False,0,0,0,0,0,0,0,0,0,[],0,0,0,0,0,0,0,[],[],[],[],[]
SFLOW_5,1700744155,1323,64,0,192.168.204.244,1700744155,1700744155,0,0,81,1,192.168.2.105,192.168.2.106,2048,6,57260,80,5,4,08:00:27:cb:7e:f5,ae:71:77:b7:f3:5f,0,0,0,0,0,0,0,64,24,0,0,0,2072,16384,0,0,0,,0,0,0,[],[],[],False,0,0,0,0,0,0,0,0,0,[],0,0,0,0,0,0,0,[],[],[],[],[]
SFLOW_5,1700744189,1336,64,0,192.168.204.244,1700744189,1700744189,0,0,64,1,192.168.2.105,192.168.2.104,2048,6,7,24704,5,6,08:00:27:cb:7e:f5,00:50:79:66:68:00,0,0,0,0,0,0,0,64,20,0,0,0,0,16384,0,0,0,,0,0,0,[],[],[],False,0,0,0,0,0,0,0,0,0,[],0,0,0,0,0,0,0,[],[],[],[],[]
SFLOW_5,1700744200,1341,64,0,192.168.204.244,1700744200,1700744200,0,0,81,1,192.168.2.105,192.168.2.106,2048,6,36452,80,5,4,08:00:27:cb:7e:f5,ae:71:77:b7:f3:5f,0,0,0,0,0,0,0,64,24,0,0,0,47472,16384,0,0,0,,0,0,0,[],[],[],False,0,0,0,0,0,0,0,0,0,[],0,0,0,0,0,0,0,[],[],[],[],[]
SFLOW_5,1700744202,1343,64,0,192.168.204.244,1700744202,1700744202,0,0,78,1,192.168.2.104,192.168.2.105,2048,6,24704,7,6,5,00:50:79:66:68:00,08:00:27:cb:7e:f5,0,0,0,0,0,0,0,64,2,0,0,0,19234,0,0,0,0,,0,0,0,[],[],[],False,0,0,0,0,0,0,0,0,0,[],0,0,0,0,0,0,0,[],[],[],[],[]
SFLOW_5,1700744215,1348,64,0,192.168.204.244,1700744215,1700744215,0,0,102,1,192.168.2.106,192.168.2.104,2048,1,0,0,4,6,ae:71:77:b7:f3:5f,00:50:79:66:68:00,0,0,0,0,0,0,0,64,0,8,0,0,14991,16384,0,0,0,,0,0,0,[],[],[],False,0,0,0,0,0,0,0,0,0,[],0,0,0,0,0,0,0,[],[],[],[],[]
SFLOW_5,1700744220,1350,64,0,192.168.204.244,1700744220,1700744220,0,0,102,1,192.168.2.104,192.168.2.106,2048,1,0,0,6,4,00:50:79:66:68:00,ae:71:77:b7:f3:5f,0,0,0,0,0,0,0,64,0,0,0,0,15677,16384,0,0,0,,0,0,0,[],[],[],False,0,0,0,0,0,0,0,0,0,[],0,0,0,0,0,0,0,[],[],[],[],[]
SFLOW_5,1700744230,1355,64,0,192.168.204.244,1700744230,1700744230,0,0,78,1,192.168.2.106,192.168.2.105,2048,6,80,49734,4,5,ae:71:77:b7:f3:5f,08:00:27:cb:7e:f5,0,0,0,0,0,0,0,64,18,0,0,0,0,16384,0,0,0,,0,0,0,[],[],[],False,0,0,0,0,0,0,0,0,0,[],0,0,0,0,0,0,0,[],[],[],[],[]
SFLOW_5,1700744230,1355,64,0,192.168.204.244,1700744230,1700744230,0,0,91,1,192.168.2.105,192.168.2.106,2048,6,49734,80,5,4,08:00:27:cb:7e:f5,ae:71:77:b7:f3:5f,0,0,0,0,0,0,0,64,24,0,0,0,17520,16384,0,0,0,,0,0,0,[],[],[],False,0,0,0,0,0,0,0,0,0,[],0,0,0,0,0,0,0,[],[],[],[],[]
SFLOW_5,1700744233,1358,64,0,192.168.204.244,1700744233,1700744233,0,0,102,1,192.168.2.106,192.168.2.104,2048,1,0,0,4,6,ae:71:77:b7:f3:5f,00:50:79:66:68:00,0,0,0,0,0,0,0,64,0,8,0,0,17372,16384,0,0,0,,0,0,0,[],[],[],False,0,0,0,0,0,0,0,0,0,[],0,0,0,0,0,0,0,[],[],[],[],[]
SFLOW_5,1700744244,1363,64,0,192.168.204.244,1700744244,1700744244,0,0,102,1,192.168.2.104,192.168.2.106,2048,1,0,0,6,4,00:50:79:66:68:00,ae:71:77:b7:f3:5f,0,0,0,0,0,0,0,64,0,0,0,0,18855,16384,0,0,0,,0,0,0,[],[],[],False,0,0,0,0,0,0,0,0,0,[],0,0,0,0,0,0,0,[],[],[],[],[]
SFLOW_5,1700744251,1366,64,0,192.168.204.244,1700744251,1700744251,0,0,78,1,192.168.2.104,192.168.2.105,2048,6,24704,7,6,5,00:50:79:66:68:00,08:00:27:cb:7e:f5,0,0,0,0,0,0,0,64,2,0,0,0,19271,0,0,0,0,,0,0,0,[],[],[],False,0,0,0,0,0,0,0,0,0,[],0,0,0,0,0,0,0,[],[],[],[],[]
SFLOW_5,1700744259,1369,64,0,192.168.204.244,1700744259,1700744259,0,0,64,1,192.168.2.105,192.168.2.104,2048,6,7,24704,5,6,08:00:27:cb:7e:f5,00:50:79:66:68:00,0,0,0,0,0,0,0,64,20,0,0,0,0,16384,0,0,0,,0,0,0,[],[],[],False,0,0,0,0,0,0,0,0,0,[],0,0,0,0,0,0,0,[],[],[],[],[]
SFLOW_5,1700744275,1376,64,0,192.168.204.244,1700744275,1700744275,0,0,90,1,192.168.2.105,192.168.2.106,2048,6,32910,80,5,4,08:00:27:cb:7e:f5,ae:71:77:b7:f3:5f,0,0,0,0,0,0,0,64,24,0,0,0,18172,16384,0,0,0,,0,0,0,[],[],[],False,0,0,0,0,0,0,0,0,0,[],0,0,0,0,0,0,0,[],[],[],[],[]
SFLOW_5,1700744290,1382,64,0,192.168.204.244,1700744290,1700744290,0,0,102,1,192.168.2.106,192.168.2.104,2048,1,0,0,4,6,ae:71:77:b7:f3:5f,00:50:79:66:68:00,0,0,0,0,0,0,0,64,0,8,0,0,24792,16384,0,0,0,,0,0,0,[],[],[],False,0,0,0,0,0,0,0,0,0,[],0,0,0,0,0,0,0,[],[],[],[],[]
SFLOW_5,1700744292,1384,64,0,192.168.204.244,1700744292,1700744292,0,0,102,1,192.168.2.106,192.168.2.104,2048,1,0,0,4,6,ae:71:77:b7:f3:5f,00:50:79:66:68:00,0,0,0,0,0,0,0,64,0,8,0,0,24947,16384,0,0,0,,0,0,0,[],[],[],False,0,0,0,0,0,0,0,0,0,[],0,0,0,0,0,0,0,[],[],[],[],[]
SFLOW_5,1700744301,1387,64,0,192.168.204.244,1700744301,1700744301,0,0,102,1,192.168.2.106,192.168.2.104,2048,1,0,0,4,6,ae:71:77:b7:f3:5f,00:50:79:66:68:00,0,0,0,0,0,0,0,64,0,8,0,0,26003,16384,0,0,0,,0,0,0,[],[],[],False,0,0,0,0,0,0,0,0,0,[],0,0,0,0,0,0,0,[],[],[],[],[]
SFLOW_5,1700744303,1389,64,0,192.168.204.244,1700744303,1700744303,0,0,102,1,192.168.2.106,192.168.2.105,2048,1,0,0,4,5,ae:71:77:b7:f3:5f,08:00:27:cb:7e:f5,0,0,0,0,0,0,0,64,0,0,0,0,50004,0,0,0,0,,0,0,0,[],[],[],False,0,0,0,0,0,0,0,0,0,[],0,0,0,0,0,0,0,[],[],[],[],[]
SFLOW_5,1700744305,1390,64,0,192.168.204.244,1700744305,1700744305,0,0,70,1,192.168.2.106,192.168.2.105,2048,6,80,34368,4,5,ae:71:77:b7:f3:5f,08:00:27:cb:7e:f5,0,0,0,0,0,0,0,64,16,0,0,0,50975,16384,0,0,0,,0,0,0,[],[],[],False,0,0,0,0,0,0,0,0,0,[],0,0,0,0,0,0,0,[],[],[],[],[]
SFLOW_5,1700744313,1394,64,0,192.168.204.244,1700744313,1700744313,0,0,78,1,192.168.2.104,192.168.2.105,2048,6,24704,7,6,5,00:50:79:66:68:00,08:00:27:cb:7e:f5,0,0,0,0,0,0,0,64,2,0,0,0,19316,0,0,0,0,,0,0,0,[],[],[],False,0,0,0,0,0,0,0,0,0,[],0,0,0,0,0,0,0,[],[],[],[],[]
SFLOW_5,1700744335,1403,64,0,192.168.204.244,1700744335,1700744335,0,0,64,1,192.168.2.106,192.168.2.105,2048,6,80,32908,4,5,ae:71:77:b7:f3:5f,08:00:27:cb:7e:f5,0,0,0,0,0,0,0,64,4,0,0,0,0,16384,0,0,0,,0,0,0,[],[],[],False,0,0,0,0,0,0,0,0,0,[],0,0,0,0,0,0,0,[],[],[],[],[]
SFLOW_5,1700744345,1407,64,0,192.168.204.244,1700744345,1700744345,0,0,102,1,192.168.2.106,192.168.2.105,2048,1,0,0,4,5,ae:71:77:b7:f3:5f,08:00:27:cb:7e:f5,0,0,0,0,0,0,0,64,0,0,0,0,55341,0,0,0,0,,0,0,0,[],[],[],False,0,0,0,0,0,0,0,0,0,[],0,0,0,0,0,0,0,[],[],[],[],[]
SFLOW_5,1700744352,1410,64,0,192.168.204.244,1700744352,1700744352,0,0,78,1,192.168.2.104,192.168.2.105,2048,6,24704,7,6,5,00:50:79:66:68:00,08:00:27:cb:7e:f5,0,0,0,0,0,0,0,64,2,0,0,0,19346,0,0,0,0,,0,0,0,[],[],[],False,0,0,0,0,0,0,0,0,0,[],0,0,0,0,0,0,0,[],[],[],[],[]
SFLOW_5,1700744357,1412,64,0,192.168.204.244,1700744357,1700744357,0,0,102,1,192.168.2.106,192.168.2.105,2048,1,0,0,4,5,ae:71:77:b7:f3:5f,08:00:27:cb:7e:f5,0,0,0,0,0,0,0,64,0,0,0,0,56798,0,0,0,0,,0,0,0,[],[],[],False,0,0,0,0,0,0,0,0,0,[],0,0,0,0,0,0,0,[],[],[],[],[]
SFLOW_5,1700744371,1418,64,0,192.168.204.244,1700744371,1700744371,0,0,64,1,192.168.2.105,192.168.2.104,2048,6,7,24704,5,6,08:00:27:cb:7e:f5,00:50:79:66:68:00,0,0,0,0,0,0,0,64,20,0,0,0,0,16384,0,0,0,,0,0,0,[],[],[],False,0,0,0,0,0,0,0,0,0,[],0,0,0,0,0,0,0,[],[],[],[],[]
SFLOW_5,1700744374,1420,64,0,192.168.204.244,1700744374,1700744374,0,0,102,1,192.168.2.106,192.168.2.104,2048,1,0,0,4,6,ae:71:77:b7:f3:5f,00:50:79:66:68:00,0,0,0,0,0,0,0,64,0,8,0,0,34900,16384,0,0,0,,0,0,0,[],[],[],False,0,0,0,0,0,0,0,0,0,[],0,0,0,0,0,0,0,[],[],[],[],[]
SFLOW_5,1700744381,1423,64,0,192.168.204.244,1700744381,1700744381,0,0,102,1,192.168.2.106,192.168.2.105,2048,1,0,0,4,5,ae:71:77:b7:f3:5f,08:00:27:cb:7e:f5,0,0,0,0,0,0,0,64,0,0,0,0,59468,0,0,0,0,,0,0,0,[],[],[],False,0,0,0,0,0,0,0,0,0,[],0,0,0,0,0,0,0,[],[],[],[],[]
SFLOW_5,1700744408,1434,64,0,192.168.204.244,1700744408,1700744408,0,0,102,1,192.168.2.105,192.168.2.106,2048,1,0,0,5,4,08:00:27:cb:7e:f5,ae:71:77:b7:f3:5f,0,0,0,0,0,0,0,64,0,8,0,0,64147,16384,0,0,0,,0,0,0,[],[],[],False,0,0,0,0,0,0,0,0,0,[],0,0,0,0,0,0,0,[],[],[],[],[]
SFLOW_5,1700744410,1436,64,0,192.168.204.244,1700744410,1700744410,0,0,70,1,192.168.2.106,192.168.2.105,2048,6,80,55692,4,5,ae:71:77:b7:f3:5f,08:00:27:cb:7e:f5,0,0,0,0,0,0,0,64,17,0,0,0,47660,16384,0,0,0,,0,0,0,[],[],[],False,0,0,0,0,0,0,0,0,0,[],0,0,0,0,0,0,0,[],[],[],[],[]
SFLOW_5,1700744425,1443,64,0,192.168.204.244,1700744425,1700744425,0,0,102,1,192.168.2.105,192.168.2.106,2048,1,0,0,5,4,08:00:27:cb:7e:f5,ae:71:77:b7:f3:5f,0,0,0,0,0,0,0,64,0,8,0,0,568,16384,0,0,0,,0,0,0,[],[],[],False,0,0,0,0,0,0,0,0,0,[],0,0,0,0,0,0,0,[],[],[],[],[]
SFLOW_5,1700744432,1446,64,0,192.168.204.244,1700744432,1700744432,0,0,64,1,,,2054,0,0,0,5,6,08:00:27:cb:7e:f5,00:50:79:66:68:00,0,0,0,0,0,0,0,0,0,0,0,0,0,0,0,0,0,,0,0,0,[],[],[],False,0,0,0,0,0,0,0,0,0,[],0,0,0,0,0,0,0,[],[],[],[],[]
SFLOW_5,1700744458,1456,64,0,192.168.204.244,1700744458,1700744458,0,0,64,1,192.168.2.105,192.168.2.104,2048,6,7,24704,5,6,08:00:27:cb:7e:f5,00:50:79:66:68:00,0,0,0,0,0,0,0,64,20,0,0,0,0,16384,0,0,0,,0,0,0,[],[],[],False,0,0,0,0,0,0,0,0,0,[],0,0,0,0,0,0,0,[],[],[],[],[]
SFLOW_5,1700744460,1458,64,0,192.168.204.244,1700744460,1700744460,0,0,64,1,192.168.2.105,192.168.2.104,2048,6,7,24704,5,6,08:00:27:cb:7e:f5,00:50:79:66:68:00,0,0,0,0,0,0,0,64,20,0,0,0,0,16384,0,0,0,,0,0,0,[],[],[],False,0,0,0,0,0,0,0,0,0,[],0,0,0,0,0,0,0,[],[],[],[],[]
SFLOW_5,1700744470,1463,64,0,192.168.204.244,1700744470,1700744470,0,0,81,1,192.168.2.105,192.168.2.106,2048,6,60766,80,5,4,08:00:27:cb:7e:f5,ae:71:77:b7:f3:5f,0,0,0,0,0,0,0,64,24,0,0,0,35733,16384,0,0,0,,0,0,0,[],[],[],False,0,0,0,0,0,0,0,0,0,[],0,0,0,0,0,0,0,[],[],[],[],[]
SFLOW_5,1700744482,1469,64,0,192.168.204.244,1700744482,1700744482,0,0,102,1,192.168.2.105,192.168.2.106,2048,1,0,0,5,4,08:00:27:cb:7e:f5,ae:71:77:b7:f3:5f,0,0,0,0,0,0,0,64,0,8,0,0,8619,16384,0,0,0,,0,0,0,[],[],[],False,0,0,0,0,0,0,0,0,0,[],0,0,0,0,0,0,0,[],[],[],[],[]
SFLOW_5,1700744482,1469,64,0,192.168.204.244,1700744482,1700744482,0,0,102,1,192.168.2.106,192.168.2.105,2048,1,0,0,4,5,ae:71:77:b7:f3:5f,08:00:27:cb:7e:f5,0,0,0,0,0,0,0,64,0,0,0,0,6952,0,0,0,0,,0,0,0,[],[],[],False,0,0,0,0,0,0,0,0,0,[],0,0,0,0,0,0,0,[],[],[],[],[]
SFLOW_5,1700744484,1470,64,0,192.168.204.244,1700744484,1700744484,0,0,64,1,192.168.2.105,192.168.2.104,2048,6,7,24704,5,6,08:00:27:cb:7e:f5,00:50:79:66:68:00,0,0,0,0,0,0,0,64,20,0,0,0,0,16384,0,0,0,,0,0,0,[],[],[],False,0,0,0,0,0,0,0,0,0,[],0,0,0,0,0,0,0,[],[],[],[],[]
SFLOW_5,1700744485,1471,64,0,192.168.204.244,1700744485,1700744485,0,0,70,1,192.168.2.106,192.168.2.105,2048,6,80,55942,4,5,ae:71:77:b7:f3:5f,08:00:27:cb:7e:f5,0,0,0,0,0,0,0,64,16,0,0,0,58366,16384,0,0,0,,0,0,0,[],[],[],False,0,0,0,0,0,0,0,0,0,[],0,0,0,0,0,0,0,[],[],[],[],[]
SFLOW_5,1700744493,1475,64,0,192.168.204.244,1700744493,1700744493,0,0,102,1,192.168.2.104,192.168.2.106,2048,1,0,0,6,4,00:50:79:66:68:00,ae:71:77:b7:f3:5f,0,0,0,0,0,0,0,64,0,0,0,0,50822,16384,0,0,0,,0,0,0,[],[],[],False,0,0,0,0,0,0,0,0,0,[],0,0,0,0,0,0,0,[],[],[],[],[]
SFLOW_5,1700744512,1483,64,0,192.168.204.244,1700744512,1700744512,0,0,102,1,192.168.2.106,192.168.2.104,2048,1,0,0,4,6,ae:71:77:b7:f3:5f,00:50:79:66:68:00,0,0,0,0,0,0,0,64,0,8,0,0,53084,16384,0,0,0,,0,0,0,[],[],[],False,0,0,0,0,0,0,0,0,0,[],0,0,0,0,0,0,0,[],[],[],[],[]
SFLOW_5,1700744523,1488,64,0,192.168.204.244,1700744523,1700744523,0,0,102,1,192.168.2.106,192.168.2.104,2048,1,0,0,4,6,ae:71:77:b7:f3:5f,00:50:79:66:68:00,0,0,0,0,0,0,0,64,0,8,0,0,54496,16384,0,0,0,,0,0,0,[],[],[],False,0,0,0,0,0,0,0,0,0,[],0,0,0,0,0,0,0,[],[],[],[],[]
SFLOW_5,1700744530,1491,64,0,192.168.204.244,1700744530,1700744530,0,0,70,1,192.168.2.106,192.168.2.105,2048,6,80,55966,4,5,ae:71:77:b7:f3:5f,08:00:27:cb:7e:f5,0,0,0,0,0,0,0,64,16,0,0,0,35871,16384,0,0,0,,0,0,0,[],[],[],False,0,0,0,0,0,0,0,0,0,[],0,0,0,0,0,0,0,[],[],[],[],[]
SFLOW_5,1700744530,1491,64,0,192.168.204.244,1700744530,1700744530,0,0,102,1,192.168.2.105,192.168.2.106,2048,1,0,0,5,4,08:00:27:cb:7e:f5,ae:71:77:b7:f3:5f,0,0,0,0,0,0,0,64,0,8,0,0,14637,16384,0,0,0,,0,0,0,[],[],[],False,0,0,0,0,0,0,0,0,0,[],0,0,0,0,0,0,0,[],[],[],[],[]
SFLOW_5,1700744531,1492,64,0,192.168.204.244,1700744531,1700744531,0,0,102,1,192.168.2.106,192.168.2.105,2048,1,0,0,4,5,ae:71:77:b7:f3:5f,08:00:27:cb:7e:f5,0,0,0,0,0,0,0,64,0,0,0,0,13733,0,0,0,0,,0,0,0,[],[],[],False,0,0,0,0,0,0,0,0,0,[],0,0,0,0,0,0,0,[],[],[],[],[]
SFLOW_5,1700744545,1498,64,0,192.168.204.244,1700744545,1700744545,0,0,80,1,192.168.2.105,192.168.2.106,2048,6,40150,80,5,4,08:00:27:cb:7e:f5,ae:71:77:b7:f3:5f,0,0,0,0,0,0,0,64,24,0,0,0,16881,16384,0,0,0,,0,0,0,[],[],[],False,0,0,0,0,0,0,0,0,0,[],0,0,0,0,0,0,0,[],[],[],[],[]
SFLOW_5,1700744545,1498,64,0,192.168.204.244,1700744545,1700744545,0,0,70,1,192.168.2.105,192.168.2.106,2048,6,55944,80,5,4,08:00:27:cb:7e:f5,ae:71:77:b7:f3:5f,0,0,0,0,0,0,0,64,16,0,0,0,171,16384,0,0,0,,0,0,0,[],[],[],False,0,0,0,0,0,0,0,0,0,[],0,0,0,0,0,0,0,[],[],[],[],[]
SFLOW_5,1700744549,1499,64,0,192.168.204.244,1700744549,1700744549,0,0,102,1,192.168.2.105,192.168.2.106,2048,1,0,0,5,4,08:00:27:cb:7e:f5,ae:71:77:b7:f3:5f,0,0,0,0,0,0,0,64,0,8,0,0,16624,16384,0,0,0,,0,0,0,[],[],[],False,0,0,0,0,0,0,0,0,0,[],0,0,0,0,0,0,0,[],[],[],[],[]
SFLOW_5,1700744558,1503,64,0,192.168.204.244,1700744558,1700744558,0,0,64,1,,,2054,0,0,0,6,4,00:50:79:66:68:00,ae:71:77:b7:f3:5f,0,0,0,0,0,0,0,0,0,0,0,0,0,0,0,0,0,,0,0,0,[],[],[],False,0,0,0,0,0,0,0,0,0,[],0,0,0,0,0,0,0,[],[],[],[],[]
SFLOW_5,1700744565,1507,64,0,192.168.204.244,1700744565,1700744565,0,0,102,1,192.168.2.105,192.168.2.106,2048,1,0,0,5,4,08:00:27:cb:7e:f5,ae:71:77:b7:f3:5f,0,0,0,0,0,0,0,64,0,8,0,0,18374,16384,0,0,0,,0,0,0,[],[],[],False,0,0,0,0,0,0,0,0,0,[],0,0,0,0,0,0,0,[],[],[],[],[]
SFLOW_5,1700744574,1511,64,0,192.168.204.244,1700744574,1700744574,0,0,102,1,192.168.2.105,192.168.2.106,2048,1,0,0,5,4,08:00:27:cb:7e:f5,ae:71:77:b7:f3:5f,0,0,0,0,0,0,0,64,0,8,0,0,19556,16384,0,0,0,,0,0,0,[],[],[],False,0,0,0,0,0,0,0,0,0,[],0,0,0,0,0,0,0,[],[],[],[],[]
SFLOW_5,1700744580,1514,64,0,192.168.204.244,1700744580,1700744580,0,0,102,1,192.168.2.105,192.168.2.106,2048,1,0,0,5,4,08:00:27:cb:7e:f5,ae:71:77:b7:f3:5f,0,0,0,0,0,0,0,64,0,8,0,0,20443,16384,0,0,0,,0,0,0,[],[],[],False,0,0,0,0,0,0,0,0,0,[],0,0,0,0,0,0,0,[],[],[],[],[]
SFLOW_5,1700744587,1518,64,0,192.168.204.244,1700744587,1700744587,0,0,102,1,192.168.2.105,192.168.2.106,2048,1,0,0,5,4,08:00:27:cb:7e:f5,ae:71:77:b7:f3:5f,0,0,0,0,0,0,0,64,0,8,0,0,21271,16384,0,0,0,,0,0,0,[],[],[],False,0,0,0,0,0,0,0,0,0,[],0,0,0,0,0,0,0,[],[],[],[],[]
SFLOW_5,1700744590,1520,64,0,192.168.204.244,1700744590,1700744590,0,0,70,1,192.168.2.106,192.168.2.105,2048,6,80,40160,4,5,ae:71:77:b7:f3:5f,08:00:27:cb:7e:f5,0,0,0,0,0,0,0,64,16,0,0,0,39874,16384,0,0,0,,0,0,0,[],[],[],False,0,0,0,0,0,0,0,0,0,[],0,0,0,0,0,0,0,[],[],[],[],[]
SFLOW_5,1700744590,1520,64,0,192.168.204.244,1700744590,1700744590,0,0,70,1,192.168.2.105,192.168.2.106,2048,6,40150,80,5,4,08:00:27:cb:7e:f5,ae:71:77:b7:f3:5f,0,0,0,0,0,0,0,64,16,0,0,0,16885,16384,0,0,0,,0,0,0,[],[],[],False,0,0,0,0,0,0,0,0,0,[],0,0,0,0,0,0,0,[],[],[],[],[]
SFLOW_5,1700744590,1520,64,0,192.168.204.244,1700744590,1700744590,0,0,78,1,192.168.2.104,192.168.2.105,2048,6,24704,7,6,5,00:50:79:66:68:00,08:00:27:cb:7e:f5,0,0,0,0,0,0,0,64,2,0,0,0,19520,0,0,0,0,,0,0,0,[],[],[],False,0,0,0,0,0,0,0,0,0,[],0,0,0,0,0,0,0,[],[],[],[],[]
SFLOW_5,1700744593,1523,64,0,192.168.204.244,1700744593,1700744593,0,0,102,1,192.168.2.105,192.168.2.106,2048,1,0,0,5,4,08:00:27:cb:7e:f5,ae:71:77:b7:f3:5f,0,0,0,0,0,0,0,64,0,8,0,0,21809,16384,0,0,0,,0,0,0,[],[],[],False,0,0,0,0,0,0,0,0,0,[],0,0,0,0,0,0,0,[],[],[],[],[]
SFLOW_5,1700744611,1530,64,0,192.168.204.244,1700744611,1700744611,0,0,102,1,192.168.2.106,192.168.2.104,2048,1,0,0,4,6,ae:71:77:b7:f3:5f,00:50:79:66:68:00,0,0,0,0,0,0,0,64,0,8,0,0,87,16384,0,0,0,,0,0,0,[],[],[],False,0,0,0,0,0,0,0,0,0,[],0,0,0,0,0,0,0,[],[],[],[],[]
SFLOW_5,1700744619,1533,64,0,192.168.204.244,1700744619,1700744619,0,0,64,1,192.168.2.105,192.168.2.104,2048,6,7,24704,5,6,08:00:27:cb:7e:f5,00:50:79:66:68:00,0,0,0,0,0,0,0,64,20,0,0,0,0,16384,0,0,0,,0,0,0,[],[],[],False,0,0,0,0,0,0,0,0,0,[],0,0,0,0,0,0,0,[],[],[],[],[]
SFLOW_5,1700744646,1545,64,0,192.168.204.244,1700744646,1700744646,0,0,78,1,192.168.2.104,192.168.2.105,2048,6,24704,7,6,5,00:50:79:66:68:00,08:00:27:cb:7e:f5,0,0,0,0,0,0,0,64,2,0,0,0,19561,0,0,0,0,,0,0,0,[],[],[],False,0,0,0,0,0,0,0,0,0,[],0,0,0,0,0,0,0,[],[],[],[],[]
SFLOW_5,1700744653,1549,64,0,192.168.204.244,1700744653,1700744653,0,0,102,1,192.168.2.106,192.168.2.105,2048,1,0,0,4,5,ae:71:77:b7:f3:5f,08:00:27:cb:7e:f5,0,0,0,0,0,0,0,64,0,0,0,0,27857,0,0,0,0,,0,0,0,[],[],[],False,0,0,0,0,0,0,0,0,0,[],0,0,0,0,0,0,0,[],[],[],[],[]
SFLOW_5,1700744654,1550,64,0,192.168.204.244,1700744654,1700744654,0,0,102,1,192.168.2.104,192.168.2.106,2048,1,0,0,6,4,00:50:79:66:68:00,ae:71:77:b7:f3:5f,0,0,0,0,0,0,0,64,0,0,0,0,4775,16384,0,0,0,,0,0,0,[],[],[],False,0,0,0,0,0,0,0,0,0,[],0,0,0,0,0,0,0,[],[],[],[],[]
SFLOW_5,1700744675,1559,64,0,192.168.204.244,1700744675,1700744675,0,0,102,1,192.168.2.105,192.168.2.106,2048,1,0,0,5,4,08:00:27:cb:7e:f5,ae:71:77:b7:f3:5f,0,0,0,0,0,0,0,64,0,8,0,0,31802,16384,0,0,0,,0,0,0,[],[],[],False,0,0,0,0,0,0,0,0,0,[],0,0,0,0,0,0,0,[],[],[],[],[]
SFLOW_5,1700744680,1561,64,0,192.168.204.244,1700744680,1700744680,0,0,81,1,192.168.2.105,192.168.2.106,2048,6,39654,80,5,4,08:00:27:cb:7e:f5,ae:71:77:b7:f3:5f,0,0,0,0,0,0,0,64,24,0,0,0,44059,16384,0,0,0,,0,0,0,[],[],[],False,0,0,0,0,0,0,0,0,0,[],0,0,0,0,0,0,0,[],[],[],[],[]
SFLOW_5,1700744691,1566,64,0,192.168.204.244,1700744691,1700744691,0,0,64,1,192.168.2.105,192.168.2.104,2048,6,7,24704,5,6,08:00:27:cb:7e:f5,00:50:79:66:68:00,0,0,0,0,0,0,0,64,20,0,0,0,0,16384,0,0,0,,0,0,0,[],[],[],False,0,0,0,0,0,0,0,0,0,[],0,0,0,0,0,0,0,[],[],[],[],[]
SFLOW_5,1700744698,1569,64,0,192.168.204.244,1700744698,1700744698,0,0,102,1,192.168.2.106,192.168.2.105,2048,1,0,0,4,5,ae:71:77:b7:f3:5f,08:00:27:cb:7e:f5,0,0,0,0,0,0,0,64,0,0,0,0,32811,0,0,0,0,,0,0,0,[],[],[],False,0,0,0,0,0,0,0,0,0,[],0,0,0,0,0,0,0,[],[],[],[],[]
SFLOW_5,1700744723,1581,64,0,192.168.204.244,1700744723,1700744723,0,0,102,1,192.168.2.104,192.168.2.106,2048,1,0,0,6,4,00:50:79:66:68:00,ae:71:77:b7:f3:5f,0,0,0,0,0,0,0,64,0,0,0,0,12121,16384,0,0,0,,0,0,0,[],[],[],False,0,0,0,0,0,0,0,0,0,[],0,0,0,0,0,0,0,[],[],[],[],[]
SFLOW_5,1700744723,1581,64,0,192.168.204.244,1700744723,1700744723,0,0,102,1,192.168.2.105,192.168.2.106,2048,1,0,0,5,4,08:00:27:cb:7e:f5,ae:71:77:b7:f3:5f,0,0,0,0,0,0,0,64,0,8,0,0,37111,16384,0,0,0,,0,0,0,[],[],[],False,0,0,0,0,0,0,0,0,0,[],0,0,0,0,0,0,0,[],[],[],[],[]
SFLOW_5,1700744772,1601,64,0,192.168.204.244,1700744772,1700744772,0,0,102,1,192.168.2.104,192.168.2.106,2048,1,0,0,6,4,00:50:79:66:68:00,ae:71:77:b7:f3:5f,0,0,0,0,0,0,0,64,0,0,0,0,18635,16384,0,0,0,,0,0,0,[],[],[],False,0,0,0,0,0,0,0,0,0,[],0,0,0,0,0,0,0,[],[],[],[],[]
SFLOW_5,1700744777,1603,64,0,192.168.204.244,1700744777,1700744777,0,0,78,1,192.168.2.104,192.168.2.105,2048,6,24704,7,6,5,00:50:79:66:68:00,08:00:27:cb:7e:f5,0,0,0,0,0,0,0,64,2,0,0,0,19659,0,0,0,0,,0,0,0,[],[],[],False,0,0,0,0,0,0,0,0,0,[],0,0,0,0,0,0,0,[],[],[],[],[]
SFLOW_5,1700744785,1607,64,0,192.168.204.244,1700744785,1700744785,0,0,80,1,192.168.2.105,192.168.2.106,2048,6,56308,80,5,4,08:00:27:cb:7e:f5,ae:71:77:b7:f3:5f,0,0,0,0,0,0,0,64,24,0,0,0,8104,16384,0,0,0,,0,0,0,[],[],[],False,0,0,0,0,0,0,0,0,0,[],0,0,0,0,0,0,0,[],[],[],[],[]
SFLOW_5,1700744837,1628,64,0,192.168.204.244,1700744837,1700744837,0,0,102,1,192.168.2.105,192.168.2.106,2048,1,0,0,5,4,08:00:27:cb:7e:f5,ae:71:77:b7:f3:5f,0,0,0,0,0,0,0,64,0,8,0,0,51057,16384,0,0,0,,0,0,0,[],[],[],False,0,0,0,0,0,0,0,0,0,[],0,0,0,0,0,0,0,[],[],[],[],[]
SFLOW_5,1700744867,1641,64,0,192.168.204.244,1700744867,1700744867,0,0,102,1,192.168.2.106,192.168.2.105,2048,1,0,0,4,5,ae:71:77:b7:f3:5f,08:00:27:cb:7e:f5,0,0,0,0,0,0,0,64,0,0,0,0,53157,0,0,0,0,,0,0,0,[],[],[],False,0,0,0,0,0,0,0,0,0,[],0,0,0,0,0,0,0,[],[],[],[],[]
SFLOW_5,1700744872,1644,64,0,192.168.204.244,1700744872,1700744872,0,0,102,1,192.168.2.106,192.168.2.104,2048,1,0,0,4,6,ae:71:77:b7:f3:5f,00:50:79:66:68:00,0,0,0,0,0,0,0,64,0,8,0,0,31492,16384,0,0,0,,0,0,0,[],[],[],False,0,0,0,0,0,0,0,0,0,[],0,0,0,0,0,0,0,[],[],[],[],[]
SFLOW_5,1700744876,1646,64,0,192.168.204.244,1700744876,1700744876,0,0,81,1,192.168.2.105,192.168.2.106,2048,6,38614,80,5,4,08:00:27:cb:7e:f5,ae:71:77:b7:f3:5f,0,0,0,0,0,0,0,64,24,0,0,0,1190,16384,0,0,0,,0,0,0,[],[],[],False,0,0,0,0,0,0,0,0,0,[],0,0,0,0,0,0,0,[],[],[],[],[]
SFLOW_5,1700744876,1646,64,0,192.168.204.244,1700744876,1700744876,0,0,81,1,192.168.2.105,192.168.2.106,2048,6,42676,80,5,4,08:00:27:cb:7e:f5,ae:71:77:b7:f3:5f,0,0,0,0,0,0,0,64,24,0,0,0,51313,16384,0,0,0,,0,0,0,[],[],[],False,0,0,0,0,0,0,0,0,0,[],0,0,0,0,0,0,0,[],[],[],[],[]
SFLOW_5,1700744888,1651,64,0,192.168.204.244,1700744888,1700744888,0,0,102,1,192.168.2.105,192.168.2.106,2048,1,0,0,5,4,08:00:27:cb:7e:f5,ae:71:77:b7:f3:5f,0,0,0,0,0,0,0,64,0,8,0,0,56902,16384,0,0,0,,0,0,0,[],[],[],False,0,0,0,0,0,0,0,0,0,[],0,0,0,0,0,0,0,[],[],[],[],[]
SFLOW_5,1700744891,1653,64,0,192.168.204.244,1700744891,1700744891,0,0,78,1,192.168.2.105,192.168.2.106,2048,6,45938,80,5,4,08:00:27:cb:7e:f5,ae:71:77:b7:f3:5f,0,0,0,0,0,0,0,64,2,0,0,0,12227,16384,0,0,0,,0,0,0,[],[],[],False,0,0,0,0,0,0,0,0,0,[],0,0,0,0,0,0,0,[],[],[],[],[]
SFLOW_5,1700744892,1654,64,0,192.168.204.244,1700744892,1700744892,0,0,102,1,192.168.2.106,192.168.2.105,2048,1,0,0,4,5,ae:71:77:b7:f3:5f,08:00:27:cb:7e:f5,0,0,0,0,0,0,0,64,0,0,0,0,56204,0,0,0,0,,0,0,0,[],[],[],False,0,0,0,0,0,0,0,0,0,[],0,0,0,0,0,0,0,[],[],[],[],[]
SFLOW_5,1700744905,1659,64,0,192.168.204.244,1700744905,1700744905,0,0,102,1,192.168.2.106,192.168.2.104,2048,1,0,0,4,6,ae:71:77:b7:f3:5f,00:50:79:66:68:00,0,0,0,0,0,0,0,64,0,8,0,0,36075,16384,0,0,0,,0,0,0,[],[],[],False,0,0,0,0,0,0,0,0,0,[],0,0,0,0,0,0,0,[],[],[],[],[]
SFLOW_5,1700744921,1665,64,0,192.168.204.244,1700744921,1700744921,0,0,81,1,192.168.2.105,192.168.2.106,2048,6,42706,80,5,4,08:00:27:cb:7e:f5,ae:71:77:b7:f3:5f,0,0,0,0,0,0,0,64,24,0,0,0,16774,16384,0,0,0,,0,0,0,[],[],[],False,0,0,0,0,0,0,0,0,0,[],0,0,0,0,0,0,0,[],[],[],[],[]
SFLOW_5,1700744925,1667,64,0,192.168.204.244,1700744925,1700744925,0,0,102,1,192.168.2.106,192.168.2.105,2048,1,0,0,4,5,ae:71:77:b7:f3:5f,08:00:27:cb:7e:f5,0,0,0,0,0,0,0,64,0,0,0,0,60104,0,0,0,0,,0,0,0,[],[],[],False,0,0,0,0,0,0,0,0,0,[],0,0,0,0,0,0,0,[],[],[],[],[]
SFLOW_5,1700744940,1673,64,0,192.168.204.244,1700744940,1700744940,0,0,102,1,192.168.2.104,192.168.2.106,2048,1,0,0,6,4,00:50:79:66:68:00,ae:71:77:b7:f3:5f,0,0,0,0,0,0,0,64,0,0,0,0,39776,16384,0,0,0,,0,0,0,[],[],[],False,0,0,0,0,0,0,0,0,0,[],0,0,0,0,0,0,0,[],[],[],[],[]
SFLOW_5,1700744941,1674,64,0,192.168.204.244,1700744941,1700744941,0,0,102,1,192.168.2.105,192.168.2.106,2048,1,0,0,5,4,08:00:27:cb:7e:f5,ae:71:77:b7:f3:5f,0,0,0,0,0,0,0,64,0,8,0,0,64571,16384,0,0,0,,0,0,0,[],[],[],False,0,0,0,0,0,0,0,0,0,[],0,0,0,0,0,0,0,[],[],[],[],[]
SFLOW_5,1700744951,1678,64,0,192.168.204.244,1700744951,1700744951,0,0,70,1,192.168.2.105,192.168.2.106,2048,6,45960,80,5,4,08:00:27:cb:7e:f5,ae:71:77:b7:f3:5f,0,0,0,0,0,0,0,64,16,0,0,0,11398,16384,0,0,0,,0,0,0,[],[],[],False,0,0,0,0,0,0,0,0,0,[],0,0,0,0,0,0,0,[],[],[],[],[]
SFLOW_5,1700744973,1688,64,0,192.168.204.244,1700744973,1700744973,0,0,102,1,192.168.2.105,192.168.2.106,2048,1,0,0,5,4,08:00:27:cb:7e:f5,ae:71:77:b7:f3:5f,0,0,0,0,0,0,0,64,0,8,0,0,3003,16384,0,0,0,,0,0,0,[],[],[],False,0,0,0,0,0,0,0,0,0,[],0,0,0,0,0,0,0,[],[],[],[],[]
SFLOW_5,1700744981,1691,64,0,192.168.204.244,1700744981,1700744981,0,0,102,1,192.168.2.106,192.168.2.104,2048,1,0,0,4,6,ae:71:77:b7:f3:5f,00:50:79:66:68:00,0,0,0,0,0,0,0,64,0,8,0,0,45855,16384,0,0,0,,0,0,0,[],[],[],False,0,0,0,0,0,0,0,0,0,[],0,0,0,0,0,0,0,[],[],[],[],[]
SFLOW_5,1700744988,1694,64,0,192.168.204.244,1700744988,1700744988,0,0,102,1,192.168.2.106,192.168.2.104,2048,1,0,0,4,6,ae:71:77:b7:f3:5f,00:50:79:66:68:00,0,0,0,0,0,0,0,64,0,8,0,0,47320,16384,0,0,0,,0,0,0,[],[],[],False,0,0,0,0,0,0,0,0,0,[],0,0,0,0,0,0,0,[],[],[],[],[]
SFLOW_5,1700744992,1697,64,0,192.168.204.244,1700744992,1700744992,0,0,102,1,192.168.2.104,192.168.2.106,2048,1,0,0,6,4,00:50:79:66:68:00,ae:71:77:b7:f3:5f,0,0,0,0,0,0,0,64,0,0,0,0,47829,16384,0,0,0,,0,0,0,[],[],[],False,0,0,0,0,0,0,0,0,0,[],0,0,0,0,0,0,0,[],[],[],[],[]
SFLOW_5,1700745026,1711,64,0,192.168.204.244,1700745026,1700745026,0,0,78,1,192.168.2.105,192.168.2.106,2048,6,40016,80,5,4,08:00:27:cb:7e:f5,ae:71:77:b7:f3:5f,0,0,0,0,0,0,0,64,2,0,0,0,52122,16384,0,0,0,,0,0,0,[],[],[],False,0,0,0,0,0,0,0,0,0,[],0,0,0,0,0,0,0,[],[],[],[],[]
SFLOW_5,1700745028,1712,64,0,192.168.204.244,1700745028,1700745028,0,0,102,1,192.168.2.105,192.168.2.106,2048,1,0,0,5,4,08:00:27:cb:7e:f5,ae:71:77:b7:f3:5f,0,0,0,0,0,0,0,64,0,8,0,0,9698,16384,0,0,0,,0,0,0,[],[],[],False,0,0,0,0,0,0,0,0,0,[],0,0,0,0,0,0,0,[],[],[],[],[]
SFLOW_5,1700745031,1714,64,0,192.168.204.244,1700745031,1700745031,0,0,102,1,192.168.2.105,192.168.2.106,2048,1,0,0,5,4,08:00:27:cb:7e:f5,ae:71:77:b7:f3:5f,0,0,0,0,0,0,0,64,0,8,0,0,10130,16384,0,0,0,,0,0,0,[],[],[],False,0,0,0,0,0,0,0,0,0,[],0,0,0,0,0,0,0,[],[],[],[],[]
SFLOW_5,1700745056,1725,64,0,192.168.204.244,1700745056,1700745056,0,0,64,1,,,2054,0,0,0,6,4,00:50:79:66:68:00,ae:71:77:b7:f3:5f,0,0,0,0,0,0,0,0,0,0,0,0,0,0,0,0,0,,0,0,0,[],[],[],False,0,0,0,0,0,0,0,0,0,[],0,0,0,0,0,0,0,[],[],[],[],[]
SFLOW_5,1700745071,1731,64,0,192.168.204.244,1700745071,1700745071,0,0,70,1,192.168.2.105,192.168.2.106,2048,6,50742,80,5,4,08:00:27:cb:7e:f5,ae:71:77:b7:f3:5f,0,0,0,0,0,0,0,64,16,0,0,0,40864,16384,0,0,0,,0,0,0,[],[],[],False,0,0,0,0,0,0,0,0,0,[],0,0,0,0,0,0,0,[],[],[],[],[]
SFLOW_5,1700745079,1734,64,0,192.168.204.244,1700745079,1700745079,0,0,102,1,192.168.2.104,192.168.2.106,2048,1,0,0,6,4,00:50:79:66:68:00,ae:71:77:b7:f3:5f,0,0,0,0,0,0,0,64,0,0,0,0,58915,16384,0,0,0,,0,0,0,[],[],[],False,0,0,0,0,0,0,0,0,0,[],0,0,0,0,0,0,0,[],[],[],[],[]
SFLOW_5,1700745081,1735,64,0,192.168.204.244,1700745081,1700745081,0,0,102,1,192.168.2.105,192.168.2.104,2048,1,0,0,5,6,08:00:27:cb:7e:f5,00:50:79:66:68:00,0,0,0,0,0,0,0,64,0,0,0,0,12587,0,0,0,0,,0,0,0,[],[],[],False,0,0,0,0,0,0,0,0,0,[],0,0,0,0,0,0,0,[],[],[],[],[]
SFLOW_5,1700745086,1738,64,0,192.168.204.244,1700745086,1700745086,0,0,70,1,192.168.2.106,192.168.2.105,2048,6,80,50730,4,5,ae:71:77:b7:f3:5f,08:00:27:cb:7e:f5,0,0,0,0,0,0,0,64,16,0,0,0,44040,16384,0,0,0,,0,0,0,[],[],[],False,0,0,0,0,0,0,0,0,0,[],0,0,0,0,0,0,0,[],[],[],[],[]
SFLOW_5,1700745086,1738,64,0,192.168.204.244,1700745086,1700745086,0,0,70,1,192.168.2.106,192.168.2.105,2048,6,80,40028,4,5,ae:71:77:b7:f3:5f,08:00:27:cb:7e:f5,0,0,0,0,0,0,0,64,17,0,0,0,221,16384,0,0,0,,0,0,0,[],[],[],False,0,0,0,0,0,0,0,0,0,[],0,0,0,0,0,0,0,[],[],[],[],[]
SFLOW_5,1700745092,1741,64,0,192.168.204.244,1700745092,1700745092,0,0,102,1,192.168.2.104,192.168.2.105,2048,1,0,0,6,5,00:50:79:66:68:00,08:00:27:cb:7e:f5,0,0,0,0,0,0,0,64,0,8,0,0,20354,0,0,0,0,,0,0,0,[],[],[],False,0,0,0,0,0,0,0,0,0,[],0,0,0,0,0,0,0,[],[],[],[],[]
SFLOW_5,1700745094,1742,64,0,192.168.204.244,1700745094,1700745094,0,0,102,1,192.168.2.105,192.168.2.104,2048,1,0,0,5,6,08:00:27:cb:7e:f5,00:50:79:66:68:00,0,0,0,0,0,0,0,64,0,0,0,0,14394,0,0,0,0,,0,0,0,[],[],[],False,0,0,0,0,0,0,0,0,0,[],0,0,0,0,0,0,0,[],[],[],[],[]
SFLOW_5,1700745109,1748,64,0,192.168.204.244,1700745109,1700745109,0,0,102,1,192.168.2.106,192.168.2.104,2048,1,0,0,4,6,ae:71:77:b7:f3:5f,00:50:79:66:68:00,0,0,0,0,0,0,0,64,0,8,0,0,63150,16384,0,0,0,,0,0,0,[],[],[],False,0,0,0,0,0,0,0,0,0,[],0,0,0,0,0,0,0,[],[],[],[],[]
SFLOW_5,1700745116,1752,64,0,192.168.204.244,1700745116,1700745116,0,0,70,1,192.168.2.106,192.168.2.105,2048,6,80,33942,4,5,ae:71:77:b7:f3:5f,08:00:27:cb:7e:f5,0,0,0,0,0,0,0,64,16,0,0,0,29252,16384,0,0,0,,0,0,0,[],[],[],False,0,0,0,0,0,0,0,0,0,[],0,0,0,0,0,0,0,[],[],[],[],[]
SFLOW_5,1700745116,1752,64,0,192.168.204.244,1700745116,1700745116,0,0,70,1,192.168.2.106,192.168.2.105,2048,6,80,33970,4,5,ae:71:77:b7:f3:5f,08:00:27:cb:7e:f5,0,0,0,0,0,0,0,64,16,0,0,0,48068,16384,0,0,0,,0,0,0,[],[],[],False,0,0,0,0,0,0,0,0,0,[],0,0,0,0,0,0,0,[],[],[],[],[]
SFLOW_5,1700745152,1767,64,0,192.168.204.244,1700745152,1700745152,0,0,102,1,192.168.2.104,192.168.2.105,2048,1,0,0,6,5,00:50:79:66:68:00,08:00:27:cb:7e:f5,0,0,0,0,0,0,0,64,0,8,0,0,20414,0,0,0,0,,0,0,0,[],[],[],False,0,0,0,0,0,0,0,0,0,[],0,0,0,0,0,0,0,[],[],[],[],[]
SFLOW_5,1700745181,1778,64,0,192.168.204.244,1700745181,1700745181,0,0,102,1,192.168.2.104,192.168.2.105,2048,1,0,0,6,5,00:50:79:66:68:00,08:00:27:cb:7e:f5,0,0,0,0,0,0,0,64,0,8,0,0,20443,0,0,0,0,,0,0,0,[],[],[],False,0,0,0,0,0,0,0,0,0,[],0,0,0,0,0,0,0,[],[],[],[],[]
SFLOW_5,1700745191,1782,64,0,192.168.204.244,1700745191,1700745191,0,0,81,1,192.168.2.105,192.168.2.106,2048,6,33970,80,5,4,08:00:27:cb:7e:f5,ae:71:77:b7:f3:5f,0,0,0,0,0,0,0,64,24,0,0,0,20974,16384,0,0,0,,0,0,0,[],[],[],False,0,0,0,0,0,0,0,0,0,[],0,0,0,0,0,0,0,[],[],[],[],[]
SFLOW_5,1700745192,1783,64,0,192.168.204.244,1700745192,1700745192,0,0,102,1,192.168.2.104,192.168.2.105,2048,1,0,0,6,5,00:50:79:66:68:00,08:00:27:cb:7e:f5,0,0,0,0,0,0,0,64,0,8,0,0,20454,0,0,0,0,,0,0,0,[],[],[],False,0,0,0,0,0,0,0,0,0,[],0,0,0,0,0,0,0,[],[],[],[],[]
SFLOW_5,1700745192,1783,64,0,192.168.204.244,1700745192,1700745192,0,0,102,1,192.168.2.105,192.168.2.104,2048,1,0,0,5,6,08:00:27:cb:7e:f5,00:50:79:66:68:00,0,0,0,0,0,0,0,64,0,0,0,0,25857,0,0,0,0,,0,0,0,[],[],[],False,0,0,0,0,0,0,0,0,0,[],0,0,0,0,0,0,0,[],[],[],[],[]
SFLOW_5,1700745196,1785,64,0,192.168.204.244,1700745196,1700745196,0,0,102,1,192.168.2.106,192.168.2.104,2048,1,0,0,4,6,ae:71:77:b7:f3:5f,00:50:79:66:68:00,0,0,0,0,0,0,0,64,0,8,0,0,7927,16384,0,0,0,,0,0,0,[],[],[],False,0,0,0,0,0,0,0,0,0,[],0,0,0,0,0,0,0,[],[],[],[],[]
SFLOW_5,1700745197,1786,64,0,192.168.204.244,1700745197,1700745197,0,0,102,1,192.168.2.104,192.168.2.106,2048,1,0,0,6,4,00:50:79:66:68:00,ae:71:77:b7:f3:5f,0,0,0,0,0,0,0,64,0,0,0,0,8174,16384,0,0,0,,0,0,0,[],[],[],False,0,0,0,0,0,0,0,0,0,[],0,0,0,0,0,0,0,[],[],[],[],[]
SFLOW_5,1700745206,1791,64,0,192.168.204.244,1700745206,1700745206,0,0,78,1,192.168.2.105,192.168.2.106,2048,6,58034,80,5,4,08:00:27:cb:7e:f5,ae:71:77:b7:f3:5f,0,0,0,0,0,0,0,64,2,0,0,0,41933,16384,0,0,0,,0,0,0,[],[],[],False,0,0,0,0,0,0,0,0,0,[],0,0,0,0,0,0,0,[],[],[],[],[]
SFLOW_5,1700745206,1791,64,0,192.168.204.244,1700745206,1700745206,0,0,91,1,192.168.2.105,192.168.2.106,2048,6,58034,80,5,4,08:00:27:cb:7e:f5,ae:71:77:b7:f3:5f,0,0,0,0,0,0,0,64,24,0,0,0,41935,16384,0,0,0,,0,0,0,[],[],[],False,0,0,0,0,0,0,0,0,0,[],0,0,0,0,0,0,0,[],[],[],[],[]
SFLOW_5,1700745206,1791,64,0,192.168.204.244,1700745206,1700745206,0,0,70,1,192.168.2.106,192.168.2.105,2048,6,80,58042,4,5,ae:71:77:b7:f3:5f,08:00:27:cb:7e:f5,0,0,0,0,0,0,0,64,16,0,0,0,57852,16384,0,0,0,,0,0,0,[],[],[],False,0,0,0,0,0,0,0,0,0,[],0,0,0,0,0,0,0,[],[],[],[],[]
SFLOW_5,1700745209,1792,64,0,192.168.204.244,1700745209,1700745209,0,0,102,1,192.168.2.104,192.168.2.105,2048,1,0,0,6,5,00:50:79:66:68:00,08:00:27:cb:7e:f5,0,0,0,0,0,0,0,64,0,8,0,0,20471,0,0,0,0,,0,0,0,[],[],[],False,0,0,0,0,0,0,0,0,0,[],0,0,0,0,0,0,0,[],[],[],[],[]
SFLOW_5,1700745217,1796,64,0,192.168.204.244,1700745217,1700745217,0,0,102,1,192.168.2.106,192.168.2.104,2048,1,0,0,4,6,ae:71:77:b7:f3:5f,00:50:79:66:68:00,0,0,0,0,0,0,0,64,0,8,0,0,10345,16384,0,0,0,,0,0,0,[],[],[],False,0,0,0,0,0,0,0,0,0,[],0,0,0,0,0,0,0,[],[],[],[],[]
SFLOW_5,1700745217,1796,64,0,192.168.204.244,1700745217,1700745217,0,0,102,1,192.168.2.105,192.168.2.104,2048,1,0,0,5,6,08:00:27:cb:7e:f5,00:50:79:66:68:00,0,0,0,0,0,0,0,64,0,0,0,0,28956,0,0,0,0,,0,0,0,[],[],[],False,0,0,0,0,0,0,0,0,0,[],0,0,0,0,0,0,0,[],[],[],[],[]
SFLOW_5,1700745227,1801,64,0,192.168.204.244,1700745227,1700745227,0,0,102,1,192.168.2.106,192.168.2.105,2048,1,0,0,4,5,ae:71:77:b7:f3:5f,08:00:27:cb:7e:f5,0,0,0,0,0,0,0,64,0,0,0,0,31524,0,0,0,0,,0,0,0,[],[],[],False,0,0,0,0,0,0,0,0,0,[],0,0,0,0,0,0,0,[],[],[],[],[]
SFLOW_5,1700745233,1805,64,0,192.168.204.244,1700745233,1700745233,0,0,64,1,,,2054,0,0,0,6,4,00:50:79:66:68:00,ae:71:77:b7:f3:5f,0,0,0,0,0,0,0,0,0,0,0,0,0,0,0,0,0,,0,0,0,[],[],[],False,0,0,0,0,0,0,0,0,0,[],0,0,0,0,0,0,0,[],[],[],[],[]
SFLOW_5,1700745234,1806,64,0,192.168.204.244,1700745234,1700745234,0,0,102,1,192.168.2.105,192.168.2.106,2048,1,0,0,5,4,08:00:27:cb:7e:f5,ae:71:77:b7:f3:5f,0,0,0,0,0,0,0,64,0,8,0,0,36500,16384,0,0,0,,0,0,0,[],[],[],False,0,0,0,0,0,0,0,0,0,[],0,0,0,0,0,0,0,[],[],[],[],[]
SFLOW_5,1700745245,1811,64,0,192.168.204.244,1700745245,1700745245,0,0,102,1,192.168.2.105,192.168.2.106,2048,1,0,0,5,4,08:00:27:cb:7e:f5,ae:71:77:b7:f3:5f,0,0,0,0,0,0,0,64,0,8,0,0,38103,16384,0,0,0,,0,0,0,[],[],[],False,0,0,0,0,0,0,0,0,0,[],0,0,0,0,0,0,0,[],[],[],[],[]
SFLOW_5,1700745251,1813,64,0,192.168.204.244,1700745251,1700745251,0,0,70,1,192.168.2.106,192.168.2.105,2048,6,80,58042,4,5,ae:71:77:b7:f3:5f,08:00:27:cb:7e:f5,0,0,0,0,0,0,0,64,16,0,0,0,57856,16384,0,0,0,,0,0,0,[],[],[],False,0,0,0,0,0,0,0,0,0,[],0,0,0,0,0,0,0,[],[],[],[],[]
SFLOW_5,1700745261,1817,64,0,192.168.204.244,1700745261,1700745261,0,0,102,1,192.168.2.105,192.168.2.106,2048,1,0,0,5,4,08:00:27:cb:7e:f5,ae:71:77:b7:f3:5f,0,0,0,0,0,0,0,64,0,8,0,0,40184,16384,0,0,0,,0,0,0,[],[],[],False,0,0,0,0,0,0,0,0,0,[],0,0,0,0,0,0,0,[],[],[],[],[]
SFLOW_5,1700745265,1819,64,0,192.168.204.244,1700745265,1700745265,0,0,102,1,192.168.2.106,192.168.2.104,2048,1,0,0,4,6,ae:71:77:b7:f3:5f,00:50:79:66:68:00,0,0,0,0,0,0,0,64,0,8,0,0,16428,16384,0,0,0,,0,0,0,[],[],[],False,0,0,0,0,0,0,0,0,0,[],0,0,0,0,0,0,0,[],[],[],[],[]
SFLOW_5,1700745266,1820,64,0,192.168.204.244,1700745266,1700745266,0,0,70,1,192.168.2.106,192.168.2.105,2048,6,80,58024,4,5,ae:71:77:b7:f3:5f,08:00:27:cb:7e:f5,0,0,0,0,0,0,0,64,16,0,0,0,9963,16384,0,0,0,,0,0,0,[],[],[],False,0,0,0,0,0,0,0,0,0,[],0,0,0,0,0,0,0,[],[],[],[],[]
SFLOW_5,1700745269,1821,64,0,192.168.204.244,1700745269,1700745269,0,0,102,1,192.168.2.106,192.168.2.104,2048,1,0,0,4,6,ae:71:77:b7:f3:5f,00:50:79:66:68:00,0,0,0,0,0,0,0,64,0,8,0,0,16815,16384,0,0,0,,0,0,0,[],[],[],False,0,0,0,0,0,0,0,0,0,[],0,0,0,0,0,0,0,[],[],[],[],[]
SFLOW_5,1700745279,1825,64,0,192.168.204.244,1700745279,1700745279,0,0,102,1,192.168.2.105,192.168.2.106,2048,1,0,0,5,4,08:00:27:cb:7e:f5,ae:71:77:b7:f3:5f,0,0,0,0,0,0,0,64,0,8,0,0,41801,16384,0,0,0,,0,0,0,[],[],[],False,0,0,0,0,0,0,0,0,0,[],0,0,0,0,0,0,0,[],[],[],[],[]
SFLOW_5,1700745281,1826,64,0,192.168.204.244,1700745281,1700745281,0,0,81,1,192.168.2.105,192.168.2.106,2048,6,58034,80,5,4,08:00:27:cb:7e:f5,ae:71:77:b7:f3:5f,0,0,0,0,0,0,0,64,24,0,0,0,41942,16384,0,0,0,,0,0,0,[],[],[],False,0,0,0,0,0,0,0,0,0,[],0,0,0,0,0,0,0,[],[],[],[],[]
SFLOW_5,1700745294,1832,64,0,192.168.204.244,1700745294,1700745294,0,0,102,1,192.168.2.106,192.168.2.104,2048,1,0,0,4,6,ae:71:77:b7:f3:5f,00:50:79:66:68:00,0,0,0,0,0,0,0,64,0,8,0,0,19947,16384,0,0,0,,0,0,0,[],[],[],False,0,0,0,0,0,0,0,0,0,[],0,0,0,0,0,0,0,[],[],[],[],[]
SFLOW_5,1700745296,1834,64,0,192.168.204.244,1700745296,1700745296,0,0,78,1,192.168.2.106,192.168.2.105,2048,6,80,51496,4,5,ae:71:77:b7:f3:5f,08:00:27:cb:7e:f5,0,0,0,0,0,0,0,64,18,0,0,0,0,16384,0,0,0,,0,0,0,[],[],[],False,0,0,0,0,0,0,0,0,0,[],0,0,0,0,0,0,0,[],[],[],[],[]
SFLOW_5,1700745300,1836,64,0,192.168.204.244,1700745300,1700745300,0,0,102,1,192.168.2.106,192.168.2.104,2048,1,0,0,4,6,ae:71:77:b7:f3:5f,00:50:79:66:68:00,0,0,0,0,0,0,0,64,0,8,0,0,20806,16384,0,0,0,,0,0,0,[],[],[],False,0,0,0,0,0,0,0,0,0,[],0,0,0,0,0,0,0,[],[],[],[],[]
SFLOW_5,1700745325,1847,64,0,192.168.204.244,1700745325,1700745325,0,0,102,1,192.168.2.105,192.168.2.106,2048,1,0,0,5,4,08:00:27:cb:7e:f5,ae:71:77:b7:f3:5f,0,0,0,0,0,0,0,64,0,8,0,0,47962,16384,0,0,0,,0,0,0,[],[],[],False,0,0,0,0,0,0,0,0,0,[],0,0,0,0,0,0,0,[],[],[],[],[]
SFLOW_5,1700745334,1851,64,0,192.168.204.244,1700745334,1700745334,0,0,102,1,192.168.2.104,192.168.2.106,2048,1,0,0,6,4,00:50:79:66:68:00,ae:71:77:b7:f3:5f,0,0,0,0,0,0,0,64,0,0,0,0,24981,16384,0,0,0,,0,0,0,[],[],[],False,0,0,0,0,0,0,0,0,0,[],0,0,0,0,0,0,0,[],[],[],[],[]
SFLOW_5,1700745337,1853,64,0,192.168.204.244,1700745337,1700745337,0,0,102,1,192.168.2.106,192.168.2.104,2048,1,0,0,4,6,ae:71:77:b7:f3:5f,00:50:79:66:68:00,0,0,0,0,0,0,0,64,0,8,0,0,25475,16384,0,0,0,,0,0,0,[],[],[],False,0,0,0,0,0,0,0,0,0,[],0,0,0,0,0,0,0,[],[],[],[],[]
SFLOW_5,1700745341,1855,64,0,192.168.204.244,1700745341,1700745341,0,0,81,1,192.168.2.105,192.168.2.106,2048,6,51544,80,5,4,08:00:27:cb:7e:f5,ae:71:77:b7:f3:5f,0,0,0,0,0,0,0,64,24,0,0,0,49329,16384,0,0,0,,0,0,0,[],[],[],False,0,0,0,0,0,0,0,0,0,[],0,0,0,0,0,0,0,[],[],[],[],[]
SFLOW_5,1700745346,1858,64,0,192.168.204.244,1700745346,1700745346,0,0,102,1,192.168.2.105,192.168.2.106,2048,1,0,0,5,4,08:00:27:cb:7e:f5,ae:71:77:b7:f3:5f,0,0,0,0,0,0,0,64,0,8,0,0,50336,16384,0,0,0,,0,0,0,[],[],[],False,0,0,0,0,0,0,0,0,0,[],0,0,0,0,0,0,0,[],[],[],[],[]
SFLOW_5,1700745354,1862,64,0,192.168.204.244,1700745354,1700745354,0,0,102,1,192.168.2.106,192.168.2.105,2048,1,0,0,4,5,ae:71:77:b7:f3:5f,08:00:27:cb:7e:f5,0,0,0,0,0,0,0,64,0,0,0,0,46142,0,0,0,0,,0,0,0,[],[],[],False,0,0,0,0,0,0,0,0,0,[],0,0,0,0,0,0,0,[],[],[],[],[]
SFLOW_5,1700745362,1866,64,0,192.168.204.244,1700745362,1700745362,0,0,102,1,192.168.2.104,192.168.2.105,2048,1,0,0,6,5,00:50:79:66:68:00,08:00:27:cb:7e:f5,0,0,0,0,0,0,0,64,0,8,0,0,20623,0,0,0,0,,0,0,0,[],[],[],False,0,0,0,0,0,0,0,0,0,[],0,0,0,0,0,0,0,[],[],[],[],[]
SFLOW_5,1700745363,1867,64,0,192.168.204.244,1700745363,1700745363,0,0,102,1,192.168.2.104,192.168.2.105,2048,1,0,0,6,5,00:50:79:66:68:00,08:00:27:cb:7e:f5,0,0,0,0,0,0,0,64,0,8,0,0,20624,0,0,0,0,,0,0,0,[],[],[],False,0,0,0,0,0,0,0,0,0,[],0,0,0,0,0,0,0,[],[],[],[],[]
SFLOW_5,1700745401,1882,64,0,192.168.204.244,1700745401,1700745401,0,0,70,1,192.168.2.106,192.168.2.105,2048,6,80,43378,4,5,ae:71:77:b7:f3:5f,08:00:27:cb:7e:f5,0,0,0,0,0,0,0,64,16,0,0,0,42599,16384,0,0,0,,0,0,0,[],[],[],False,0,0,0,0,0,0,0,0,0,[],0,0,0,0,0,0,0,[],[],[],[],[]
SFLOW_5,1700745416,1889,64,0,192.168.204.244,1700745416,1700745416,0,0,81,1,192.168.2.105,192.168.2.106,2048,6,40290,80,5,4,08:00:27:cb:7e:f5,ae:71:77:b7:f3:5f,0,0,0,0,0,0,0,64,24,0,0,0,39692,16384,0,0,0,,0,0,0,[],[],[],False,0,0,0,0,0,0,0,0,0,[],0,0,0,0,0,0,0,[],[],[],[],[]
SFLOW_5,1700745431,1895,64,0,192.168.204.244,1700745431,1700745431,0,0,81,1,192.168.2.105,192.168.2.106,2048,6,40338,80,5,4,08:00:27:cb:7e:f5,ae:71:77:b7:f3:5f,0,0,0,0,0,0,0,64,24,0,0,0,60616,16384,0,0,0,,0,0,0,[],[],[],False,0,0,0,0,0,0,0,0,0,[],0,0,0,0,0,0,0,[],[],[],[],[]
SFLOW_5,1700745446,1902,64,0,192.168.204.244,1700745446,1700745446,0,0,102,1,192.168.2.104,192.168.2.105,2048,1,0,0,6,5,00:50:79:66:68:00,08:00:27:cb:7e:f5,0,0,0,0,0,0,0,64,0,8,0,0,20707,0,0,0,0,,0,0,0,[],[],[],False,0,0,0,0,0,0,0,0,0,[],0,0,0,0,0,0,0,[],[],[],[],[]
SFLOW_5,1700745447,1903,64,0,192.168.204.244,1700745447,1700745447,0,0,102,1,192.168.2.105,192.168.2.106,2048,1,0,0,5,4,08:00:27:cb:7e:f5,ae:71:77:b7:f3:5f,0,0,0,0,0,0,0,64,0,8,0,0,63565,16384,0,0,0,,0,0,0,[],[],[],False,0,0,0,0,0,0,0,0,0,[],0,0,0,0,0,0,0,[],[],[],[],[]
SFLOW_5,1700745448,1904,64,0,192.168.204.244,1700745448,1700745448,0,0,102,1,192.168.2.106,192.168.2.105,2048,1,0,0,4,5,ae:71:77:b7:f3:5f,08:00:27:cb:7e:f5,0,0,0,0,0,0,0,64,0,0,0,0,57952,0,0,0,0,,0,0,0,[],[],[],False,0,0,0,0,0,0,0,0,0,[],0,0,0,0,0,0,0,[],[],[],[],[]
SFLOW_5,1700745456,1909,64,0,192.168.204.244,1700745456,1700745456,0,0,102,1,192.168.2.106,192.168.2.105,2048,1,0,0,4,5,ae:71:77:b7:f3:5f,08:00:27:cb:7e:f5,0,0,0,0,0,0,0,64,0,0,0,0,59191,0,0,0,0,,0,0,0,[],[],[],False,0,0,0,0,0,0,0,0,0,[],0,0,0,0,0,0,0,[],[],[],[],[]
SFLOW_5,1700745457,1910,64,0,192.168.204.244,1700745457,1700745457,0,0,102,1,192.168.2.105,192.168.2.104,2048,1,0,0,5,6,08:00:27:cb:7e:f5,00:50:79:66:68:00,0,0,0,0,0,0,0,64,0,0,0,0,57357,0,0,0,0,,0,0,0,[],[],[],False,0,0,0,0,0,0,0,0,0,[],0,0,0,0,0,0,0,[],[],[],[],[]
SFLOW_5,1700745462,1913,64,0,192.168.204.244,1700745462,1700745462,0,0,102,1,192.168.2.105,192.168.2.104,2048,1,0,0,5,6,08:00:27:cb:7e:f5,00:50:79:66:68:00,0,0,0,0,0,0,0,64,0,0,0,0,58325,0,0,0,0,,0,0,0,[],[],[],False,0,0,0,0,0,0,0,0,0,[],0,0,0,0,0,0,0,[],[],[],[],[]
SFLOW_5,1700745471,1916,64,0,192.168.204.244,1700745471,1700745471,0,0,102,1,192.168.2.105,192.168.2.104,2048,1,0,0,5,6,08:00:27:cb:7e:f5,00:50:79:66:68:00,0,0,0,0,0,0,0,64,0,0,0,0,59084,0,0,0,0,,0,0,0,[],[],[],False,0,0,0,0,0,0,0,0,0,[],0,0,0,0,0,0,0,[],[],[],[],[]
SFLOW_5,1700745476,1919,64,0,192.168.204.244,1700745476,1700745476,0,0,238,1,192.168.2.105,192.168.2.106,2048,6,48268,80,5,4,08:00:27:cb:7e:f5,ae:71:77:b7:f3:5f,0,0,0,0,0,0,0,64,24,0,0,0,44762,16384,0,0,0,,0,0,0,[],[],[],False,0,0,0,0,0,0,0,0,0,[],0,0,0,0,0,0,0,[],[],[],[],[]
SFLOW_5,1700745476,1919,64,0,192.168.204.244,1700745476,1700745476,0,0,91,1,192.168.2.105,192.168.2.106,2048,6,48284,80,5,4,08:00:27:cb:7e:f5,ae:71:77:b7:f3:5f,0,0,0,0,0,0,0,64,24,0,0,0,51409,16384,0,0,0,,0,0,0,[],[],[],False,0,0,0,0,0,0,0,0,0,[],0,0,0,0,0,0,0,[],[],[],[],[]
SFLOW_5,1700745476,1919,64,0,192.168.204.244,1700745476,1700745476,0,0,91,1,192.168.2.105,192.168.2.106,2048,6,48316,80,5,4,08:00:27:cb:7e:f5,ae:71:77:b7:f3:5f,0,0,0,0,0,0,0,64,24,0,0,0,39417,16384,0,0,0,,0,0,0,[],[],[],False,0,0,0,0,0,0,0,0,0,[],0,0,0,0,0,0,0,[],[],[],[],[]
SFLOW_5,1700745480,1921,64,0,192.168.204.244,1700745480,1700745480,0,0,102,1,192.168.2.105,192.168.2.104,2048,1,0,0,5,6,08:00:27:cb:7e:f5,00:50:79:66:68:00,0,0,0,0,0,0,0,64,0,0,0,0,60063,0,0,0,0,,0,0,0,[],[],[],False,0,0,0,0,0,0,0,0,0,[],0,0,0,0,0,0,0,[],[],[],[],[]
SFLOW_5,1700745493,1928,64,0,192.168.204.244,1700745493,1700745493,0,0,102,1,192.168.2.104,192.168.2.106,2048,1,0,0,6,4,00:50:79:66:68:00,ae:71:77:b7:f3:5f,0,0,0,0,0,0,0,64,0,0,0,0,45275,16384,0,0,0,,0,0,0,[],[],[],False,0,0,0,0,0,0,0,0,0,[],0,0,0,0,0,0,0,[],[],[],[],[]
SFLOW_5,1700745521,1939,64,0,192.168.204.244,1700745521,1700745521,0,0,81,1,192.168.2.105,192.168.2.106,2048,6,48326,80,5,4,08:00:27:cb:7e:f5,ae:71:77:b7:f3:5f,0,0,0,0,0,0,0,64,24,0,0,0,7507,16384,0,0,0,,0,0,0,[],[],[],False,0,0,0,0,0,0,0,0,0,[],0,0,0,0,0,0,0,[],[],[],[],[]
SFLOW_5,1700745521,1939,64,0,192.168.204.244,1700745521,1700745521,0,0,78,1,192.168.2.106,192.168.2.105,2048,6,80,36090,4,5,ae:71:77:b7:f3:5f,08:00:27:cb:7e:f5,0,0,0,0,0,0,0,64,18,0,0,0,0,16384,0,0,0,,0,0,0,[],[],[],False,0,0,0,0,0,0,0,0,0,[],0,0,0,0,0,0,0,[],[],[],[],[]
SFLOW_5,1700745525,1941,64,0,192.168.204.244,1700745525,1700745525,0,0,102,1,192.168.2.104,192.168.2.105,2048,1,0,0,6,5,00:50:79:66:68:00,08:00:27:cb:7e:f5,0,0,0,0,0,0,0,64,0,8,0,0,20785,0,0,0,0,,0,0,0,[],[],[],False,0,0,0,0,0,0,0,0,0,[],0,0,0,0,0,0,0,[],[],[],[],[]
SFLOW_5,1700745528,1942,64,0,192.168.204.244,1700745528,1700745528,0,0,102,1,192.168.2.106,192.168.2.104,2048,1,0,0,4,6,ae:71:77:b7:f3:5f,00:50:79:66:68:00,0,0,0,0,0,0,0,64,0,8,0,0,49119,16384,0,0,0,,0,0,0,[],[],[],False,0,0,0,0,0,0,0,0,0,[],0,0,0,0,0,0,0,[],[],[],[],[]
SFLOW_5,1700745536,1947,64,0,192.168.204.244,1700745536,1700745536,0,0,81,1,192.168.2.105,192.168.2.106,2048,6,36070,80,5,4,08:00:27:cb:7e:f5,ae:71:77:b7:f3:5f,0,0,0,0,0,0,0,64,24,0,0,0,50492,16384,0,0,0,,0,0,0,[],[],[],False,0,0,0,0,0,0,0,0,0,[],0,0,0,0,0,0,0,[],[],[],[],[]
SFLOW_5,1700745551,1953,64,0,192.168.204.244,1700745551,1700745551,0,0,102,1,192.168.2.104,192.168.2.105,2048,1,0,0,6,5,00:50:79:66:68:00,08:00:27:cb:7e:f5,0,0,0,0,0,0,0,64,0,8,0,0,20811,0,0,0,0,,0,0,0,[],[],[],False,0,0,0,0,0,0,0,0,0,[],0,0,0,0,0,0,0,[],[],[],[],[]
SFLOW_5,1700745551,1953,64,0,192.168.204.244,1700745551,1700745551,0,0,81,1,192.168.2.105,192.168.2.106,2048,6,48284,80,5,4,08:00:27:cb:7e:f5,ae:71:77:b7:f3:5f,0,0,0,0,0,0,0,64,24,0,0,0,51416,16384,0,0,0,,0,0,0,[],[],[],False,0,0,0,0,0,0,0,0,0,[],0,0,0,0,0,0,0,[],[],[],[],[]
SFLOW_5,1700745554,1955,64,0,192.168.204.244,1700745554,1700745554,0,0,102,1,192.168.2.104,192.168.2.105,2048,1,0,0,6,5,00:50:79:66:68:00,08:00:27:cb:7e:f5,0,0,0,0,0,0,0,64,0,8,0,0,20814,0,0,0,0,,0,0,0,[],[],[],False,0,0,0,0,0,0,0,0,0,[],0,0,0,0,0,0,0,[],[],[],[],[]
SFLOW_5,1700745555,1956,64,0,192.168.204.244,1700745555,1700745555,0,0,64,1,,,2054,0,0,0,4,5,ae:71:77:b7:f3:5f,08:00:27:cb:7e:f5,0,0,0,0,0,0,0,0,0,0,0,0,0,0,0,0,0,,0,0,0,[],[],[],False,0,0,0,0,0,0,0,0,0,[],0,0,0,0,0,0,0,[],[],[],[],[]
SFLOW_5,1700745566,1961,64,0,192.168.204.244,1700745566,1700745566,0,0,90,1,192.168.2.105,192.168.2.106,2048,6,58176,80,5,4,08:00:27:cb:7e:f5,ae:71:77:b7:f3:5f,0,0,0,0,0,0,0,64,24,0,0,0,1806,16384,0,0,0,,0,0,0,[],[],[],False,0,0,0,0,0,0,0,0,0,[],0,0,0,0,0,0,0,[],[],[],[],[]
SFLOW_5,1700745577,1966,64,0,192.168.204.244,1700745577,1700745577,0,0,102,1,192.168.2.105,192.168.2.104,2048,1,0,0,5,6,08:00:27:cb:7e:f5,00:50:79:66:68:00,0,0,0,0,0,0,0,64,0,0,0,0,6090,0,0,0,0,,0,0,0,[],[],[],False,0,0,0,0,0,0,0,0,0,[],0,0,0,0,0,0,0,[],[],[],[],[]
SFLOW_5,1700745581,1968,64,0,192.168.204.244,1700745581,1700745581,0,0,70,1,192.168.2.105,192.168.2.106,2048,6,36090,80,5,4,08:00:27:cb:7e:f5,ae:71:77:b7:f3:5f,0,0,0,0,0,0,0,64,16,0,0,0,29004,16384,0,0,0,,0,0,0,[],[],[],False,0,0,0,0,0,0,0,0,0,[],0,0,0,0,0,0,0,[],[],[],[],[]
SFLOW_5,1700745586,1971,64,0,192.168.204.244,1700745586,1700745586,0,0,102,1,192.168.2.104,192.168.2.106,2048,1,0,0,6,4,00:50:79:66:68:00,ae:71:77:b7:f3:5f,0,0,0,0,0,0,0,64,0,0,0,0,56283,16384,0,0,0,,0,0,0,[],[],[],False,0,0,0,0,0,0,0,0,0,[],0,0,0,0,0,0,0,[],[],[],[],[]
SFLOW_5,1700745596,1976,64,0,192.168.204.244,1700745596,1700745596,0,0,70,1,192.168.2.106,192.168.2.105,2048,6,80,58142,4,5,ae:71:77:b7:f3:5f,08:00:27:cb:7e:f5,0,0,0,0,0,0,0,64,16,0,0,0,46982,16384,0,0,0,,0,0,0,[],[],[],False,0,0,0,0,0,0,0,0,0,[],0,0,0,0,0,0,0,[],[],[],[],[]
SFLOW_5,1700745599,1977,64,0,192.168.204.244,1700745599,1700745599,0,0,102,1,192.168.2.104,192.168.2.106,2048,1,0,0,6,4,00:50:79:66:68:00,ae:71:77:b7:f3:5f,0,0,0,0,0,0,0,64,0,0,0,0,58381,16384,0,0,0,,0,0,0,[],[],[],False,0,0,0,0,0,0,0,0,0,[],0,0,0,0,0,0,0,[],[],[],[],[]
SFLOW_5,1700745608,1981,64,0,192.168.204.244,1700745608,1700745608,0,0,102,1,192.168.2.105,192.168.2.104,2048,1,0,0,5,6,08:00:27:cb:7e:f5,00:50:79:66:68:00,0,0,0,0,0,0,0,64,0,0,0,0,9738,0,0,0,0,,0,0,0,[],[],[],False,0,0,0,0,0,0,0,0,0,[],0,0,0,0,0,0,0,[],[],[],[],[]
SFLOW_5,1700745611,1983,64,0,192.168.204.244,1700745611,1700745611,0,0,70,1,192.168.2.106,192.168.2.105,2048,6,80,58176,4,5,ae:71:77:b7:f3:5f,08:00:27:cb:7e:f5,0,0,0,0,0,0,0,64,16,0,0,0,54681,16384,0,0,0,,0,0,0,[],[],[],False,0,0,0,0,0,0,0,0,0,[],0,0,0,0,0,0,0,[],[],[],[],[]
SFLOW_5,1700745611,1983,64,0,192.168.204.244,1700745611,1700745611,0,0,70,1,192.168.2.106,192.168.2.105,2048,6,80,39560,4,5,ae:71:77:b7:f3:5f,08:00:27:cb:7e:f5,0,0,0,0,0,0,0,64,16,0,0,0,43805,16384,0,0,0,,0,0,0,[],[],[],False,0,0,0,0,0,0,0,0,0,[],0,0,0,0,0,0,0,[],[],[],[],[]
SFLOW_5,1700745616,1986,64,0,192.168.204.244,1700745616,1700745616,0,0,102,1,192.168.2.106,192.168.2.104,2048,1,0,0,4,6,ae:71:77:b7:f3:5f,00:50:79:66:68:00,0,0,0,0,0,0,0,64,0,8,0,0,60463,16384,0,0,0,,0,0,0,[],[],[],False,0,0,0,0,0,0,0,0,0,[],0,0,0,0,0,0,0,[],[],[],[],[]
SFLOW_5,1700745625,1990,64,0,192.168.204.244,1700745625,1700745625,0,0,64,1,,,2054,0,0,0,4,6,ae:71:77:b7:f3:5f,00:50:79:66:68:00,0,0,0,0,0,0,0,0,0,0,0,0,0,0,0,0,0,,0,0,0,[],[],[],False,0,0,0,0,0,0,0,0,0,[],0,0,0,0,0,0,0,[],[],[],[],[]
SFLOW_5,1700745626,1991,64,0,192.168.204.244,1700745626,1700745626,0,0,70,1,192.168.2.106,192.168.2.105,2048,6,80,58142,4,5,ae:71:77:b7:f3:5f,08:00:27:cb:7e:f5,0,0,0,0,0,0,0,64,16,0,0,0,46984,16384,0,0,0,,0,0,0,[],[],[],False,0,0,0,0,0,0,0,0,0,[],0,0,0,0,0,0,0,[],[],[],[],[]
SFLOW_5,1700745631,1993,64,0,192.168.204.244,1700745631,1700745631,0,0,102,1,192.168.2.105,192.168.2.106,2048,1,0,0,5,4,08:00:27:cb:7e:f5,ae:71:77:b7:f3:5f,0,0,0,0,0,0,0,64,0,8,0,0,20648,16384,0,0,0,,0,0,0,[],[],[],False,0,0,0,0,0,0,0,0,0,[],0,0,0,0,0,0,0,[],[],[],[],[]